"logger","Date","SpeedMin","SpeedMean","SpeedMax","SpeedSD","Hi_Lo.x","TempMin","TempMean","TempMedian","TempMax","TempSD","Hi_Lo.y","SalinityMin","SalinityMean","SalinityMedian","SalinityMax","SalinitySD","Hi_Lo"
"Anniversary",2019-12-16,0.9,3.37078472222222,24.99,2.66465940378801,"Low",8.5802,9.04124715277778,9.0444,9.3914,0.14590764537434,"Low",25.18,25.89125,25.92,26.34,0.273765119081179,"Low"
"Anniversary",2019-12-17,1.02,3.59284722222222,23.45,2.52643022971567,"Low",9.2087,9.34706131944444,9.34035,9.5508,0.0773736924309434,"Low",25.91,26.235625,26.235,26.49,0.138639379901868,"Low"
"Anniversary",2019-12-18,1.02,4.0400625,20.47,3.14806503707841,"Low",9.2188,9.41829131944444,9.3871,9.5981,0.0936404309780488,"Low",25.98,26.2514583333333,26.25,26.51,0.14933882058371,"Low"
"Anniversary",2019-12-19,1.13,4.19985416666667,21.32,3.06567064960993,"Low",9.2994,9.43184694444444,9.4187,9.5264,0.0546401660506516,"Low",26.31,26.4775,26.49,26.62,0.0787265669289953,"Low"
"Anniversary",2019-12-20,1.24,4.76245833333333,26.67,3.09823075983846,"Low",9.2994,9.4093,9.4115,9.545,0.0510802762449927,"Low",26.21,26.5670833333333,26.57,26.67,0.0768795225850669,"Low"
"Anniversary",2019-12-21,0.9,4.11582638888889,18.21,2.79155462384801,"Low",9.2706,9.35608131944444,9.3497,9.4661,0.0413391841931109,"Low",26.33,26.4577083333333,26.45,26.62,0.0742405401476744,"Low"
"Anniversary",2019-12-22,1.13,3.72651388888889,18.28,2.55622526982772,"Low",9.3166,9.35697083333333,9.3569,9.3971,0.0187009521558606,"Low",26.36,26.4179166666667,26.41,26.46,0.0278260809339345,"Low"
"Anniversary",2019-12-23,0.79,4.33179166666667,50.82,3.95405622765965,"Low",8.1543,9.20564048611111,9.2483,9.4129,0.201636934004493,"Low",23.64,25.8710416666667,25.96,26.36,0.50231904578551,"Low"
"Anniversary",2019-12-24,0.68,3.66979166666667,24.67,2.7838798021742,"Low",8.3377,9.22460611111111,9.2447,9.5063,0.185662349729753,"Low",21.92,25.1289583333333,25.355,26.31,1.03171462239165,"Low"
"Anniversary",2019-12-25,0.68,4.38385416666667,51.78,5.1869008790644,"Low",8.8466,9.23606173611111,9.2497,9.5092,0.170684731504926,"Low",25.37,25.875,25.94,26.23,0.229828798447333,"Low"
"Anniversary",2019-12-26,1.02,3.70572222222222,17.95,2.5694250321333,"Low",8.1092,9.07434555555556,9.1064,9.3885,0.222613961307406,"Low",24.44,25.6939583333333,25.74,26.26,0.403520357699601,"Low"
"Anniversary",2019-12-27,1.13,3.07499305555556,12.88,2.00694745371002,"Low",9.0949,9.26365243055556,9.2648,9.4172,0.0852749057829105,"Low",25.77,26.0177083333333,26.02,26.21,0.111855521997881,"Low"
"Anniversary",2019-12-28,1.02,3.78268055555556,25.83,2.86899868887362,"Low",8.0406,9.13730131944445,9.1914,9.4259,0.273953434445093,"Low",24.58,25.8054166666667,25.925,26.18,0.352968917523326,"Low"
"Anniversary",2019-12-29,1.02,3.45035416666667,23.58,2.42509091830381,"Low",9.0848,9.27908111111111,9.2677,9.4431,0.0751957941240185,"Low",25.79,25.9879166666667,25.96,26.21,0.103388511920634,"Low"
"Anniversary",2019-12-30,0.9,3.07584027777778,12.41,1.88198178618892,"Low",9.0675,9.30514666666667,9.2965,9.5092,0.10629952059079,"Low",25.77,26.0133333333333,26.01,26.26,0.114730643541191,"Low"
"Anniversary",2019-12-31,0.9,4.79081944444444,54.27,5.67041015959859,"Low",9.1223,9.41269979166667,9.4158,9.5665,0.0874878681153249,"Low",25.97,26.2035416666667,26.195,26.38,0.0978163625378794,"Low"
"Anniversary",2020-01-01,1.36,2.62630555555556,8.86,1.11993067440176,"Low",9.4316,9.53073854166667,9.5321,9.5967,0.0360061386834129,"Low",26.13,26.33125,26.36,26.46,0.0773944030083654,"Low"
"Anniversary",2020-01-02,0.9,3.70271527777778,11.61,2.08864900812154,"Low",8.3813,8.93167465277778,8.9275,9.5005,0.243219752505658,"Low",24.93,25.580625,25.63,26.18,0.319809825471459,"Low"
"Anniversary",2020-01-03,1.24,4.61080555555556,28.69,3.5482818582556,"Low",9.105,9.38885625,9.4144,9.5737,0.113486078850873,"Low",25.91,26.11875,26.13,26.33,0.106263922742367,"Low"
"Anniversary",2020-01-04,1.13,3.64369444444444,20.73,2.60983273895741,"Low",9.0228,9.39495944444444,9.36765,9.6898,0.138376189449274,"Low",25.99,26.2085416666667,26.21,26.38,0.102313443789865,"Low"
"Anniversary",2020-01-05,1.13,4.38440972222222,20.86,2.91222556599415,"Low",8.9722,9.34799506944444,9.3727,9.5206,0.124157148439716,"Low",25.96,26.25375,26.26,26.41,0.102534374101276,"Low"
"Anniversary",2020-01-06,1.13,3.33609722222222,16.49,2.24649053249072,"Low",8.9607,9.32446930555555,9.3022,9.479,0.092420471167544,"Low",25.38,25.7329166666667,25.735,26.21,0.284671952547798,"Low"
"Anniversary",2020-01-07,1.13,3.2710625,16.13,2.27526391941041,"Low",9.1367,9.22686472222222,9.2346,9.3037,0.038825706899599,"Low",25.12,25.71625,25.76,26.06,0.188088084842114,"Low"
"Anniversary",2020-01-08,0.9,3.521875,22.29,2.77991027516052,"Low",8.2694,9.09238861111111,9.1856,9.3109,0.213994716887146,"Low",24.33,25.48375,25.52,26.19,0.379050465398934,"Low"
"Anniversary",2020-01-09,1.13,4.15597916666667,29.63,3.13866149542881,"Low",7.6369,8.572015,8.6324,8.991,0.267693150774367,"Low",23.38,24.733125,24.75,25.73,0.541747198050663,"Low"
"Anniversary",2020-01-10,1.02,3.91797222222222,15.64,2.70967095116328,"Low",7.6487,8.74230930555555,8.8437,9.0617,0.28455603098667,"Low",23.84,25.48375,25.72,25.99,0.555501019781893,"Low"
"Anniversary",2020-01-11,1.24,4.05190277777778,18.94,2.43021088352878,"Low",8.3523,8.84571395833333,8.89355,9.1064,0.167011575147068,"Low",24.93,25.5564583333333,25.625,25.97,0.243934849894204,"Low"
"Anniversary",2020-01-12,1.24,4.88572916666667,26.73,3.52992569659351,"Low",7.6838,8.50125423611111,8.599,8.9188,0.28244093905508,"Low",24.24,25.3945833333333,25.605,25.9,0.452218918616426,"Low"
"Anniversary",2020-01-13,1.13,4.46629861111111,27.38,3.30392513754807,"Low",7.3741,7.84040861111111,7.7571,8.5642,0.365527665436692,"Low",23.55,24.4266666666667,24.36,25.35,0.563342355880577,"Low"
"Anniversary",2020-01-14,1.36,5.09513194444444,40.75,3.84098435152943,"Low",7.474,7.97736930555556,7.9632,8.4554,0.164784237312876,"Low",24.16,24.8633333333333,24.85,25.32,0.21901455633479,"Low"
"Anniversary",2020-01-15,1.24,5.06366666666667,26.28,3.08276545252835,"Low",7.6457,7.88775708333333,7.7966,8.4336,0.187052137209316,"Low",24.56,24.9389583333333,24.895,25.21,0.149769178196279,"Low"
"Anniversary",2020-01-16,1.24,4.51623611111111,16.98,2.83276670399294,"Low",7.7234,8.37013048611111,8.4612,8.8784,0.303113721324782,"Low",24.83,25.7291666666667,25.785,26.03,0.262507007674108,"Low"
"Anniversary",2020-01-17,1.02,4.86900694444444,22.35,3.27200978077865,"Low",7.8244,8.15164138888889,8.166,8.4452,0.136893363928699,"Low",25.47,25.6241666666667,25.635,25.79,0.0856224601010674,"Low"
"Anniversary",2020-01-18,1.02,6.08099305555556,26.73,4.5637050222578,"Low",7.9296,8.18816645833333,8.0676,8.5642,0.233223580241743,"Low",25.49,25.7254166666667,25.74,25.95,0.15668043548972,"Low"
"Anniversary",2020-01-19,1.36,3.89313888888889,12.96,2.50383175598539,"Low",8.3028,8.44398951388889,8.4481,8.5845,0.0646404476440177,"Low",25.76,25.8672916666667,25.87,25.95,0.0435029753608675,"Low"
"Anniversary",2020-01-20,1.24,3.89831944444444,17.6,2.88125546108033,"Low",8.2228,8.50105409722222,8.5033,8.7656,0.0997964162422999,"Low",25.8,25.975625,25.98,26.08,0.0716939787969999,"Low"
"Anniversary",2020-01-21,1.13,3.2094375,14.92,2.05469526955028,"Low",8.3072,8.55060229166667,8.5207,8.7656,0.0978327515233556,"Low",25.88,26.14,26.16,26.3,0.0901771306574848,"Low"
"Anniversary",2020-01-22,1.24,3.99024305555556,17.18,2.91861322164265,"Low",8.1645,8.40390465277778,8.4031,8.5947,0.105008972642956,"Low",26.07,26.2014583333333,26.215,26.29,0.0499356855869173,"Low"
"Anniversary",2020-01-23,1.24,5.11321527777778,42.85,5.43323937184447,"Low",7.9296,8.27380694444444,8.2897,8.4641,0.121031305487303,"Low",26.05,26.2135416666667,26.21,26.4,0.0934786261457629,"Low"
"Anniversary",2020-01-24,0.9,4.03238194444444,37.53,3.42967973409741,"Low",8.2228,8.38446888888889,8.4089,8.4743,0.0638484059944718,"Low",25.4,25.9479166666667,26.04,26.3,0.267135779750102,"Low"
"Anniversary",2020-01-25,1.02,4.28729861111111,18.94,2.95276993802054,"Low",8.2926,8.363815,8.3639,8.4191,0.0269286850113773,"Low",25.2,25.6154166666667,25.67,25.91,0.173805446788452,"Low"
"Burial",2019-12-16,0.68,31.6612986111111,111.1,28.1400078342467,"High",8.9188,9.07375104166667,9.0963,9.2231,0.0945146767062249,"High",27.03,27.3620833333333,27.29,27.77,0.236804599701349,"High"
"Burial",2019-12-17,1.02,28.4565555555556,106.67,26.3631747990798,"High",8.9159,9.10196270833333,9.1309,9.2548,0.103774883407761,"High",27.07,27.37125,27.33,27.86,0.221134646572837,"High"
"Burial",2019-12-18,0.9,25.9874722222222,105.45,23.7534935947566,"High",8.9145,9.140235,9.1669,9.3641,0.124247945455711,"High",27.12,27.4183333333333,27.36,27.81,0.206823322004127,"High"
"Burial",2019-12-19,0.9,25.7989097222222,109.48,24.4764272492596,"High",8.9044,9.16755652777778,9.2116,9.4172,0.157572278083608,"High",27.11,27.374375,27.32,27.88,0.179395038357347,"High"
"Burial",2019-12-20,1.24,26.845,108.6,25.5680077551975,"High",8.8885,9.15762722222222,9.2116,9.4201,0.183343884758804,"High",27.15,27.4166666666667,27.36,27.83,0.185625261181372,"High"
"Burial",2019-12-21,1.02,28.6871875,112.9,26.8794623453658,"High",8.887,9.22406965277778,9.2749,9.5465,0.199890580568516,"High",27.21,27.4435416666667,27.37,27.86,0.186598779765381,"High"
"Burial",2019-12-22,0.9,30.2489236111111,110.1,27.7648727835927,"High",8.8986,9.24219868055556,9.2814,9.5967,0.197458892138158,"High",27.18,27.4354166666667,27.38,27.8,0.173069391240615,"High"
"Burial",2019-12-23,1.13,31.9698055555556,113.3,28.6963315671253,"High",8.8971,9.22683541666667,9.2605,9.5307,0.188217118453051,"High",27.22,27.4870833333333,27.425,27.83,0.182756183739526,"High"
"Burial",2019-12-24,1.02,35.0434930555556,110.8,29.9644323872559,"High",8.8986,9.19586722222222,9.2188,9.5321,0.159899262486644,"High",27.28,27.479375,27.41,27.9,0.184568574006081,"High"
"Burial",2019-12-25,1.02,35.4110694444444,111.3,29.5531526376144,"High",8.9116,9.15236666666667,9.1943,9.4402,0.132020423957447,"High",27.32,27.5158333333333,27.475,27.81,0.127042183199348,"High"
"Burial",2019-12-26,0.9,34.1682708333333,110.7,28.4296631660943,"High",8.9376,9.16170743055556,9.195,9.4201,0.134370597674689,"High",27.34,27.5722916666667,27.51,27.86,0.164914414725933,"High"
"Burial",2019-12-27,1.02,32.6817638888889,106.15,27.0954047210541,"High",8.8191,9.11623006944444,9.1669,9.3209,0.119882945248672,"High",27.25,27.4952083333333,27.49,27.86,0.125900832020865,"High"
"Burial",2019-12-28,1.02,33.8171388888889,110,27.1104636478681,"High",8.9029,9.11289555555556,9.1439,9.3051,0.108832520572162,"High",27.26,27.5441666666667,27.49,27.86,0.172723285440422,"High"
"Burial",2019-12-29,1.13,33.7073819444444,111.6,28.3626870010466,"High",8.9203,9.10499770833333,9.1381,9.2404,0.090038000480538,"High",27.29,27.519375,27.485,27.79,0.151438580345371,"High"
"Burial",2019-12-30,1.02,29.0074861111111,108.08,25.0374483568551,"High",8.9289,9.09413916666667,9.1165,9.249,0.0902725630715249,"High",27.27,27.5354166666667,27.51,27.82,0.153067337891132,"High"
"Burial",2019-12-31,0.9,24.1029513888889,107.55,20.8680518567274,"High",8.9434,9.08097388888889,9.1006,9.2605,0.0794361659459728,"High",27.16,27.4929166666667,27.47,27.76,0.113642933401319,"High"
"Burial",2020-01-01,0.79,21.5106944444444,99.8,19.8893995587048,"High",8.9015,9.069413125,9.0949,9.2404,0.0883197077254869,"High",27.37,27.5804166666667,27.545,27.88,0.129827353989718,"High"
"Burial",2020-01-02,0.9,22.1382083333333,108.42,25.0647574245506,"High",8.8971,9.10146631944444,9.1251,9.2835,0.125382925678767,"High",26.8,27.490625,27.46,27.85,0.211694342581116,"High"
"Burial",2020-01-03,0.9,21.929375,111.4,26.3762600875098,"High",8.9015,9.07132791666667,9.0804,9.2317,0.0904385423140653,"High",26.85,27.3302083333333,27.39,27.56,0.180619378608935,"High"
"Burial",2020-01-04,1.02,21.7966597222222,104.22,21.5282338854683,"High",8.8639,9.02133826388889,9.0285,9.1468,0.0762888259375671,"High",27.13,27.481875,27.46,27.85,0.132931853442185,"High"
"Burial",2020-01-05,0.9,22.3727847222222,110,23.4464626499283,"High",8.8581,9.03132652777778,9.0415,9.1957,0.0913358749216266,"High",26.61,27.446875,27.435,27.77,0.172394355562435,"High"
"Burial",2020-01-06,1.02,25.9462083333333,109.13,25.6917011596424,"High",8.887,9.06818194444444,9.0819,9.2548,0.102172529318955,"High",27.31,27.5239583333333,27.49,27.79,0.140102387838374,"High"
"Burial",2020-01-07,0.79,27.5483125,111.4,26.6211610797455,"High",8.8914,9.05356034722222,9.0689,9.2116,0.0917793310346115,"High",27.34,27.5345833333333,27.49,27.82,0.134527673864752,"High"
"Burial",2020-01-08,1.02,32.677125,110.6,28.8047751655896,"High",8.9333,9.04797638888889,9.0588,9.1727,0.0661905907185302,"High",27.21,27.4639583333333,27.455,27.77,0.110909961245806,"High"
"Burial",2020-01-09,1.13,33.3209652777778,111.8,28.2111033858089,"High",8.8538,8.98777416666667,9.004,9.1035,0.0575675029880398,"High",27.14,27.525,27.515,27.87,0.170156373637198,"High"
"Burial",2020-01-10,1.13,36.2670069444444,111.2,31.2216505149161,"High",8.5628,8.936600625,8.9578,9.0343,0.0740928695716418,"High",26.37,27.3272916666667,27.375,27.63,0.255998168073011,"High"
"Burial",2020-01-11,1.02,33.2880763888889,107.38,28.334487856057,"High",8.767,8.90104298611111,8.9116,8.9852,0.0467399663446428,"High",27.18,27.4225,27.4,27.81,0.101446978080681,"High"
"Burial",2020-01-12,0.9,36.4979166666667,111.8,30.8171806020136,"High",8.7395,8.83913763888889,8.8495,8.9188,0.0420626709032002,"High",27.2,27.4297916666667,27.43,27.72,0.129754097763905,"High"
"Burial",2020-01-13,1.02,39.77375,116.4,32.2566726180455,"High",8.454,8.71510986111111,8.733,8.8307,0.0888625004648298,"High",27.05,27.4225,27.365,27.78,0.220902404560081,"High"
"Burial",2020-01-14,1.24,33.2754166666667,109.13,26.1844074061105,"High",8.499,8.68456902777778,8.6831,8.7974,0.0550167009745994,"High",27.1,27.4027083333333,27.41,27.57,0.0907824048781533,"High"
"Burial",2020-01-15,0.9,30.0618125,103.35,25.0552348206431,"High",8.4322,8.60954416666667,8.6034,8.7887,0.0726150652925116,"High",27.26,27.448125,27.455,27.66,0.0981890545098174,"High"
"Burial",2020-01-16,0.79,27.3600833333333,103.18,24.106026962583,"High",8.2446,8.53076666666667,8.5309,8.7526,0.0982718396509439,"High",27.07,27.3220833333333,27.34,27.51,0.114779313380687,"High"
"Burial",2020-01-17,1.02,24.7302916666667,101.8,21.3495406137462,"High",8.4569,8.55085805555555,8.541,8.67,0.0484013595866591,"High",27.29,27.466875,27.455,27.64,0.0976785054427633,"High"
"Burial",2020-01-18,1.02,27.4619861111111,108.95,27.6523485955354,"High",7.972,8.34106784722222,8.3319,8.5251,0.0979865061455211,"High",26.7,27.2239583333333,27.23,27.62,0.170465440227797,"High"
"Burial",2020-01-19,0.9,29.0034375,102.6,23.0028021117562,"High",8.1368,8.359029375,8.345,8.5918,0.0765058607693698,"High",26.81,27.2952083333333,27.275,27.6,0.16314710218191,"High"
"Burial",2020-01-20,1.02,29.1018819444444,110.5,25.6183366210606,"High",8.2301,8.30235173611111,8.3014,8.4191,0.0377663288015454,"High",27.15,27.3502083333333,27.32,27.6,0.131787862795258,"High"
"Burial",2020-01-21,1.02,30.9475625,107.2,26.6400561072693,"High",8.1602,8.25304590277778,8.2446,8.4133,0.0488465341921979,"High",27.03,27.2804166666667,27.24,27.58,0.13330429648362,"High"
"Burial",2020-01-22,0.79,29.9878263888889,105.1,26.0337595987221,"High",8.1587,8.26051590277778,8.2432,8.4612,0.0655808996807532,"High",26.93,27.245,27.24,27.46,0.118357554208837,"High"
"Burial",2020-01-23,1.13,33.1034791666667,111.4,28.8044626236834,"High",8.166,8.29806354166667,8.2999,8.4511,0.0639035707046948,"High",26.9,27.2247916666667,27.24,27.48,0.126272073416186,"High"
"Burial",2020-01-24,1.13,33.6775069444444,111.2,29.3825012589003,"High",8.2039,8.32439381944445,8.3406,8.4627,0.0680298303279498,"High",27.08,27.2614583333333,27.26,27.49,0.108333401527529,"High"
"Burial",2020-01-25,1.02,33.2269236111111,111,28.6661186894369,"High",8.2141,8.31286493055556,8.3261,8.3857,0.0525080895782326,"High",27.07,27.2885416666667,27.29,27.52,0.100084848755217,"High"
"Coffin",2019-12-16,1.13,2.89503472222222,9.04,1.6342873687932,"Low",8.9867,9.76423534722222,9.8044,10.2214,0.301279831450192,"Low",27.56,27.8804166666667,27.92,28.04,0.123975947106658,"Low"
"Coffin",2019-12-17,1.24,4.29893055555556,13.11,2.80295277060264,"Low",9.1093,9.56198833333333,9.474,10.1173,0.288773717332618,"Low",27.54,27.74,27.73,27.96,0.102001251556777,"Low"
"Coffin",2019-12-18,1.02,4.83445138888889,16.06,3.13888030019997,"Low",9.1842,9.64941395833333,9.6655,10.0188,0.199322347153201,"Low",27.55,27.8425,27.88,28.03,0.123400403461529,"Low"
"Coffin",2019-12-19,1.13,4.52644444444444,15.28,2.95603101901446,"Low",9.0314,9.51314256944444,9.4826,10.1031,0.275540554281674,"Low",27.33,27.7164583333333,27.745,28.09,0.195431759688735,"Low"
"Coffin",2019-12-20,1.24,4.01398611111111,15.92,2.59813614164247,"Low",9.1352,9.47358215277778,9.4819,9.853,0.19587619395276,"Low",27.48,27.7445833333333,27.76,28.04,0.167483988861093,"Low"
"Coffin",2019-12-21,1.24,3.71902083333333,13.42,2.82624190532558,"Low",8.9823,9.44186715277778,9.4072,9.9102,0.245206009877985,"Low",27.48,27.7860416666667,27.76,28.03,0.108171250818071,"Low"
"Coffin",2019-12-22,1.13,4.14992361111111,12.18,2.76938598669308,"Low",9.0545,9.45262208333333,9.4101,10.0831,0.257484757259169,"Low",27.56,27.8220833333333,27.79,28.18,0.139115111272633,"Low"
"Coffin",2019-12-23,1.24,4.23481944444444,14.32,2.64085156326341,"Low",8.9318,9.36254638888889,9.2562,10.0345,0.312272992974456,"Low",27.56,27.796875,27.79,28.2,0.156343270034582,"Low"
"Coffin",2019-12-24,1.24,4.35286805555556,13.73,3.10269848868626,"Low",8.9419,9.40266847222222,9.3971,9.9831,0.271598688320317,"Low",27.59,27.8702083333333,27.885,28.2,0.165252734658331,"Low"
"Coffin",2019-12-25,1.13,4.58964583333333,17.32,3.07447451618042,"Low",8.5483,9.13944173611111,9.09125,9.8959,0.279147964358193,"Low",27.42,27.69125,27.675,28.13,0.15055394170098,"Low"
"Coffin",2019-12-26,1.13,4.77649305555556,13.11,2.58180641895192,"Low",8.4786,8.99933986111111,8.939,9.8802,0.318949443420015,"Low",27.41,27.6920833333333,27.705,28.13,0.149210095108439,"Low"
"Coffin",2019-12-27,1.24,3.24704166666667,11.36,1.94618848420517,"Low",8.5961,9.19729680555556,9.1453,9.8774,0.378059688274296,"Low",27.11,27.6660416666667,27.64,28.24,0.302160585622192,"Low"
"Coffin",2019-12-28,1.24,6.52034027777778,16.91,3.85009277915553,"Low",8.6005,9.06205458333333,8.9896,9.843,0.305353309246047,"Low",27.08,27.7133333333333,27.71,28.18,0.233878795063045,"Low"
"Coffin",2019-12-29,1.13,5.59244444444444,30.52,4.08941393365204,"Low",8.874,9.20843493055555,9.1122,9.7929,0.2780536849202,"Low",27.67,27.8241666666667,27.79,28.11,0.132228579222196,"Low"
"Coffin",2019-12-30,1.24,3.98738888888889,12.18,2.51154266293785,"Low",9.0502,9.29930722222222,9.2648,9.6683,0.158299198120851,"Low",26.86,27.8158333333333,27.9,28.07,0.222976320976717,"Low"
"Coffin",2019-12-31,1.24,4.10636111111111,11.94,2.55417731835678,"Low",8.8393,9.25011083333333,9.2821,9.5795,0.215897769818284,"Low",26.71,27.65375,27.825,28.06,0.40018944981681,"Low"
"Coffin",2020-01-01,1.24,3.44625,12.57,2.10589479248084,"Low",8.861,9.10502763888889,9.1165,9.3713,0.1444616822456,"Low",27.52,27.8647916666667,27.89,28,0.10469793599407,"Low"
"Coffin",2020-01-02,1.13,3.85922222222222,13.8,2.54359629087602,"Low",8.7077,8.91275791666667,8.8971,9.1655,0.110662523277757,"Low",27.02,27.7002083333333,27.79,28.01,0.267347010005471,"Low"
"Coffin",2020-01-03,1.13,3.00129861111111,11.11,1.79406845861257,"Low",8.78,9.05825409722222,9.0559,9.4172,0.176639136062874,"Low",27.73,27.900625,27.875,28.14,0.0920084697766366,"Low"
"Coffin",2020-01-04,1.24,4.78927083333333,18.35,3.90118918937496,"Low",8.7873,8.98722145833333,8.9217,9.4129,0.162412932588359,"Low",27.08,27.7639583333333,27.855,28.07,0.28316403473495,"Low"
"Coffin",2020-01-05,1.24,5.2794375,14.4,3.49030081122911,"Low",8.7743,8.94169993055556,8.9289,9.177,0.0900337429988498,"Low",27.2,27.8058333333333,27.86,27.98,0.178275824226243,"Low"
"Coffin",2020-01-06,1.24,3.53888194444444,10.1,2.06139155990792,"Low",8.7858,8.87717104166667,8.861,9.0732,0.0613377855402434,"Low",27.85,27.9897916666667,28,28.1,0.0633964084939287,"Low"
"Coffin",2020-01-07,1.24,3.676125,12.57,2.50137812988058,"Low",8.6802,8.82137555555556,8.8017,9.2648,0.0964778120280962,"Low",26.93,27.7941666666667,27.88,28.18,0.228825245346315,"Low"
"Coffin",2020-01-08,1.24,3.27529861111111,20.07,2.59362819376704,"Low",8.5396,8.82218888888889,8.7757,9.2706,0.136587814379562,"Low",27.65,27.8308333333333,27.84,28.16,0.0989913672000838,"Low"
"Coffin",2020-01-09,1.24,2.84899305555556,9.3,1.440811542594,"Low",8.2359,8.63082979166667,8.6367,8.9852,0.168901104107359,"Low",26.61,27.571875,27.67,28.04,0.364316067184129,"Low"
"Coffin",2020-01-10,1.13,3.78075,12.18,2.71724457146455,"Low",8.1893,8.55522895833333,8.6077,8.9925,0.185152200529648,"Low",27.07,27.634375,27.66,28.03,0.220944840040281,"Low"
"Coffin",2020-01-11,1.36,4.70338888888889,14.77,2.8869606523738,"Low",7.8068,8.19007159722222,8.1864,8.438,0.0935076649849021,"Low",27.06,27.445,27.46,27.64,0.133894210384423,"Low"
"Coffin",2020-01-12,1.24,4.94653472222222,13.19,3.31137788454844,"Low",7.801,8.10371069444444,8.09385,8.3828,0.142448265032521,"Low",26.89,27.330625,27.4,27.61,0.184994608892121,"Low"
"Coffin",2020-01-13,1.36,4.66544444444444,12.64,2.40479947998882,"Low",7.6692,7.91492555555556,7.9077,8.2883,0.117631775971655,"Low",27.26,27.3247916666667,27.31,27.46,0.0420227690730558,"Low"
"Coffin",2020-01-14,1.24,4.23036805555556,19.21,2.72264736791496,"Low",7.2416,7.84233027777778,7.6472,8.8899,0.406674791898212,"Low",26.33,27.3710416666667,27.43,28.1,0.321606602447134,"Low"
"Coffin",2020-01-15,1.24,4.2921875,11.52,2.57516548641072,"Low",6.7775,7.28597944444444,7.22755,8.1733,0.338871872949456,"Low",27.19,27.3314583333333,27.325,27.55,0.0823068876757299,"Low"
"Coffin",2020-01-16,1.36,3.72436805555556,11.61,2.16221346720983,"Low",6.779,7.48874131944444,7.4255,8.0508,0.32643651866299,"Low",27.16,27.4504166666667,27.46,27.66,0.124626392022928,"Low"
"Coffin",2020-01-17,1.24,3.86915972222222,10.95,2.15523189455192,"Low",7.1133,7.48202361111111,7.4931,8.08,0.197450553054365,"Low",27.35,27.49625,27.51,27.63,0.0736184817220774,"Low"
"Coffin",2020-01-18,1.24,3.87409722222222,13.65,2.79606929330686,"Low",7.128,7.75678611111111,7.7732,7.9457,0.137542525314123,"Low",27.29,27.6047916666667,27.63,27.72,0.0791171924542572,"Low"
"Coffin",2020-01-19,1.47,3.73121527777778,14.4,1.97687878692546,"Low",7.3873,7.68135798611111,7.6882,7.9516,0.12611770803841,"Low",27.51,27.58625,27.57,27.66,0.040561222441606,"Low"
"Coffin",2020-01-20,1.24,3.70425,12.8,2.1852464729006,"Low",7.452,7.67093597222222,7.6399,8.1252,0.115390586355582,"Low",27.49,27.550625,27.54,27.69,0.0462374192204781,"Low"
"Coffin",2020-01-21,1.36,4.31911805555556,13.27,2.93008947107411,"Low",7.5504,7.76987090277778,7.7512,8.2315,0.153104692208021,"Low",27.54,27.6435416666667,27.63,27.82,0.0666681072539388,"Low"
"Coffin",2020-01-22,1.36,3.16405555555556,11.36,1.81964668228094,"Low",7.3358,7.72309736111111,7.6853,8.2417,0.139967789777157,"Low",27.4,27.63875,27.63,27.97,0.0864088500195559,"Low"
"Coffin",2020-01-23,1.36,3.83853472222222,12.1,2.4678088415218,"Low",7.5445,7.71997222222222,7.7044,7.9457,0.106490091180955,"Low",27.43,27.5810416666667,27.585,27.72,0.056275900262498,"Low"
"Coffin",2020-01-24,1.36,3.9940625,10.7,1.95112325489326,"Low",7.5196,7.61095666666667,7.6179,7.6707,0.0253780455369301,"Low",27.46,27.526875,27.525,27.6,0.0353195895255779,"Low"
"Coffin",2020-01-25,1.47,3.45167361111111,14.4,2.13352287348897,"Low",7.5519,7.593064375,7.5856,7.6692,0.0251578477890498,"Low",27.2,27.371875,27.37,27.49,0.0585155462158234,"Low"
"Dragon",2019-12-16,1.13,3.31867361111111,10.01,1.64812850390699,"Low",9.377,9.81305715277778,9.8588,9.9274,0.124900155666692,"Low",28.28,28.6397916666667,28.7,28.82,0.133137100721972,"Low"
"Dragon",2019-12-17,0.56,2.58289583333333,10.87,1.76565327772285,"Low",9.7443,9.89667472222222,9.9017,10.0088,0.0345921723471087,"Low",28.72,28.7941666666667,28.8,28.9,0.0366602186464521,"Low"
"Dragon",2019-12-18,0.79,2.72145138888889,10.37,1.5161221763128,"Low",9.8502,9.93560506944444,9.9317,10.0331,0.0343389260699369,"Low",28.78,28.8497916666667,28.84,29.02,0.0532552897515804,"Low"
"Dragon",2019-12-19,0.79,3.07990277777778,11.52,1.74367204696253,"Low",9.8816,9.99726194444444,10.0003,10.0502,0.0342410034907347,"Low",28.89,28.9827083333333,28.96,29.13,0.0647002773295816,"Low"
"Dragon",2019-12-20,0.56,3.89746527777778,20.67,3.18211096496855,"Low",9.611,9.82340472222222,9.8158,10.0474,0.11870138023851,"Low",28.65,28.9054166666667,28.915,29.1,0.110047539694933,"Low"
"Dragon",2019-12-21,0.68,4.17853472222222,31.66,4.15539901055783,"Low",8.8437,9.31591743055556,9.3037,9.7099,0.23168851614741,"Low",27.82,28.3475,28.38,28.79,0.279418088328416,"Low"
"Dragon",2019-12-22,0.68,5.31600694444444,48.32,5.7409749300943,"Low",8.5207,9.28269069444444,9.4675,9.6669,0.392822783653653,"Low",27.28,28.2970833333333,28.505,28.78,0.504612589268467,"Low"
"Dragon",2019-12-23,0.56,3.81546527777778,15.78,2.67838410417464,"Low",8.1354,8.54095041666667,8.5229,9.2562,0.251460383897217,"Low",27.03,27.476875,27.4,28.34,0.300695337792612,"Low"
"Dragon",2019-12-24,0.56,4.14930555555556,21.19,3.01275471451117,"Low",8.4714,9.14278888888889,9.1871,9.6196,0.254015243563508,"Low",27.62,28.1979166666667,28.245,28.79,0.298820079171919,"Low"
"Dragon",2019-12-25,0.68,3.46391666666667,17.39,2.83458847221431,"Low",7.8054,8.88186951388889,8.8061,9.5909,0.45950746014497,"Low",26.76,27.9997916666667,27.965,28.73,0.49711717691974,"Low"
"Dragon",2019-12-26,0.68,3.88820138888889,16.91,2.60602765794876,"Low",7.7688,8.99507208333333,9.00905,9.6096,0.549898782295256,"Low",26.86,28.1935416666667,28.155,28.9,0.606326537904598,"Low"
"Dragon",2019-12-27,0.68,3.40367361111111,10.7,2.24685144022444,"Low",8.5686,9.22274541666667,9.1878,9.6597,0.280831905398001,"Low",28.1,28.6,28.58,29,0.220887956579127,"Low"
"Dragon",2019-12-28,0.79,3.6174375,12.1,2.43130496055934,"Low",8.835,9.160091875,9.1784,9.4359,0.15393839632933,"Low",28.27,28.5883333333333,28.6,28.82,0.139350061773621,"Low"
"Dragon",2019-12-29,0.56,3.8703125,18.48,3.33292011145427,"Low",8.5831,8.98863979166667,8.9333,9.3411,0.177878503346249,"Low",28,28.3908333333333,28.35,28.73,0.173938523418701,"Low"
"Dragon",2019-12-30,0.56,2.67026388888889,13.8,2.02698362418955,"Low",8.6961,9.14182909722222,9.10855,9.4776,0.198104270967831,"Low",28.16,28.5529166666667,28.51,28.87,0.194553042959556,"Low"
"Dragon",2019-12-31,1.13,2.88415972222222,10.7,1.45384955037456,"Low",9.3483,9.46299409722222,9.4761,9.5795,0.0646378432897239,"Low",28.74,28.8570833333333,28.845,29,0.0768518423576098,"Low"
"Dragon",2020-01-01,0.68,4.66727083333333,20.99,3.52550395851198,"Low",8.4859,9.10592951388889,9.2159,9.4101,0.276608884792938,"Low",27.89,28.5522916666667,28.69,28.8,0.292961689335721,"Low"
"Dragon",2020-01-02,0.68,4.19030555555556,28.48,3.25831155787307,"Low",7.8273,8.686430625,8.8017,9.0704,0.307016169484337,"Low",26.1,28.0460416666667,28.27,28.64,0.574810753624416,"Low"
"Dragon",2020-01-03,1.02,2.94135416666667,9.84,1.51936104931508,"Low",9.0314,9.32658,9.4122,9.5536,0.175307563152311,"Low",28.57,28.87375,28.935,29.11,0.181338111378435,"Low"
"Dragon",2020-01-04,0.79,3.53132638888889,15.28,2.41090428315632,"Low",8.6541,9.05680659722222,9.0379,9.5235,0.165963530048004,"Low",28.03,28.6216666666667,28.605,29.12,0.216178938227879,"Low"
"Dragon",2020-01-05,0.68,4.83313888888889,23.9,3.84092128420796,"Low",8.5483,9.11729958333333,9.1972,9.4,0.243989255792437,"Low",28.28,28.724375,28.805,28.91,0.190898282483943,"Low"
"Dragon",2020-01-06,0.79,4.26684722222222,16.49,2.85486920362955,"Low",8.4467,8.799188125,8.8205,9.3411,0.176467972527488,"Low",28.14,28.4897916666667,28.535,28.77,0.164672332072982,"Low"
"Dragon",2020-01-07,0.9,3.91427083333333,46.51,3.67445274055629,"Low",8.0756,8.86165493055556,8.8798,9.2144,0.181230961924574,"Low",27.32,28.5614583333333,28.57,28.88,0.220347786835086,"Low"
"Dragon",2020-01-08,1.02,4.6654375,19.61,3.20933418916092,"Low",7.2607,7.70507819444444,7.6736,8.2766,0.183325757056534,"Low",25.93,26.7764583333333,26.82,27.8,0.361336111482084,"Low"
"Dragon",2020-01-09,0.68,4.96555555555556,25.89,3.60695715630484,"Low",6.9197,7.34513833333333,7.327,8.2708,0.311510558667316,"Low",25.51,26.2491666666667,26.12,28.15,0.53896999219091,"Low"
"Dragon",2020-01-10,1.02,4.85596527777778,18.61,2.36998474648784,"Low",7.7468,8.65578243055556,8.7091,9.1885,0.385370033438431,"Low",26.91,28.245625,28.365,28.91,0.582455938430338,"Low"
"Dragon",2020-01-11,1.02,6.33408333333333,22.09,4.00717613671872,"Low",7.7366,8.61658583333333,8.4968,9.2979,0.447870698287234,"Low",27.51,28.2952083333333,28.28,28.95,0.349089938928341,"Low"
"Dragon",2020-01-12,1.13,11.2973125,64.15,8.77398799025928,"Low",7.3932,8.352678125,8.3392,9.0487,0.441570723025872,"Low",27.21,28.275625,28.335,28.91,0.449755991764045,"Low"
"Dragon",2020-01-13,0.79,5.30035416666667,22.87,3.11876698691585,"Low",7.0837,7.68217701388889,7.85435,8.1266,0.338071836563865,"Low",26.82,27.5002083333333,27.74,27.98,0.410813876080326,"Low"
"Dragon",2020-01-14,0.9,4.61804166666667,19.08,3.26729201865449,"Low",7.4241,7.99111590277778,7.9384,8.5309,0.294107021793294,"Low",23.11,26.6870833333333,26.965,27.87,1.24196131493755,"Low"
"Dragon",2020-01-15,1.24,6.42109027777778,22.94,3.36233145602828,"Low",7.2754,7.97763861111111,7.98585,8.7207,0.317870003382183,"Low",22.86,23.2804166666667,23.235,24.08,0.245434554550446,"Low"
"Dragon",2020-01-16,0.79,4.62488194444444,29.3,3.33850575780225,"Low",6.9626,8.24838826388889,8.3217,8.7829,0.443298481834738,"Low",23.18,23.8852083333333,23.925,24.56,0.316025783915317,"Low"
"Dragon",2020-01-17,0.9,4.22077777777778,15.5,2.72688678823753,"Low",6.7627,7.76629847222222,7.7995,8.9275,0.395185055301603,"Low",23.12,23.5797916666667,23.485,24.65,0.312930483635987,"Low"
"Dragon",2020-01-18,1.24,4.0203125,15.57,2.04528518638815,"Low",8.3363,8.85800048611111,8.96,9.128,0.236105940712032,"Low",22.25,23.0795833333333,23.08,23.97,0.365454880256846,"Low"
"Dragon",2020-01-19,0.9,2.65514583333333,8.49,1.46404903932851,"Low",8.9116,9.06228555555556,9.0617,9.1727,0.0707008778906386,"Low",22.89,23.4416666666667,23.39,24.19,0.265404815917226,"Low"
"Dragon",2020-01-20,0.68,3.47733333333333,19.68,2.76530675431284,"Low",8.5454,8.85149618055556,8.8523,9.1266,0.139819202798313,"Low",23.02,23.469375,23.505,24.06,0.203484603944753,"Low"
"Dragon",2020-01-21,0.68,3.05692361111111,20.34,2.59271806896288,"Low",8.4714,8.709079375,8.6997,9.0242,0.121931715067448,"Low",22.67,23.1222916666667,23.135,23.9,0.242769828677931,"Low"
"Dragon",2020-01-22,0.79,4.31022222222222,40.97,5.17444339420305,"Low",7.5929,8.21697493055555,8.147,8.7033,0.287387815336259,"Low",22.18,22.91,22.855,23.68,0.310236697556299,"Low"
"Dragon",2020-01-23,0.79,3.8035625,19.81,2.71297856467904,"Low",8.2141,8.61711493055556,8.6208,8.9982,0.194236192215101,"Low",22.04,22.87375,22.885,23.5,0.316568200443309,"Low"
"Dragon",2020-01-24,0.68,5.336375,27.18,4.43697331848846,"Low",7.7468,8.43914673611111,8.4525,9.0458,0.281111821291726,"Low",22.33,22.980625,23.015,23.75,0.331048664224924,"Low"
"Dragon",2020-01-25,0.79,4.11354861111111,15.57,2.677636512742,"Low",7.6311,7.94238895833333,7.9121,8.3319,0.160161897405185,"Low",21.66,22.495625,22.47,23.16,0.300077339321829,"Low"
"Georgina",2019-12-16,1.36,9.69730555555556,53.7,8.85466886051054,"Low",8.5613,9.14417402777778,9.16765,9.4718,0.204752275837134,"Low",24.03,25.893125,25.97,26.53,0.42304949788361,"Low"
"Georgina",2019-12-17,1.02,9.2619375,47.74,6.99179612054203,"Low",8.8437,9.32628236111111,9.35905,9.7414,0.239746582028073,"Low",25.81,26.1158333333333,26.125,26.51,0.170079247277879,"Low"
"Georgina",2019-12-18,1.13,9.74924305555555,44.68,7.56289553896117,"Low",8.8364,9.27990347222222,9.3784,9.6569,0.206981911035547,"Low",25.85,26.146875,26.125,26.51,0.170732542486281,"Low"
"Georgina",2019-12-19,1.24,7.70200694444444,34.39,5.15138379837619,"Low",8.8451,9.26797701388889,9.3252,9.4747,0.149675913105532,"Low",26.04,26.230625,26.23,26.48,0.0893571902356408,"Low"
"Georgina",2019-12-20,0.79,9.34959027777778,37.33,6.53561130957912,"Low",9.0112,9.30454777777778,9.2893,9.6855,0.159069284280315,"Low",26.05,26.2385416666667,26.225,26.49,0.0872996693550642,"Low"
"Georgina",2019-12-21,0.9,10.0975069444444,41.29,7.29637094816014,"Low",8.8726,9.38839888888889,9.4201,9.7242,0.25304983374572,"Low",25.57,26.0414583333333,26.025,26.51,0.272638718026945,"Low"
"Georgina",2019-12-22,1.13,9.07282638888889,35.34,6.74521577018686,"Low",8.9665,9.38374958333333,9.423,9.8115,0.208653672943054,"Low",25.5,26.0929166666667,26.1,26.46,0.193500325287905,"Low"
"Georgina",2019-12-23,1.24,12.0049722222222,53.89,9.44893516099998,"Low",7.9574,8.86774881944444,8.8841,9.5135,0.265403621527027,"Low",23.14,25.0208333333333,25.285,26.35,0.875461782908502,"Low"
"Georgina",2019-12-24,1.02,11.2278541666667,61.2,9.25015659275732,"Low",8.615,9.03461277777778,8.9665,9.5264,0.246640940632674,"Low",24,25.4877083333333,25.74,26.37,0.615585656391221,"Low"
"Georgina",2019-12-25,1.24,12.6930277777778,54.85,10.3981941955689,"Low",7.8536,8.97409194444444,9.0228,9.4101,0.244050972168458,"Low",23.27,25.470625,25.725,26.31,0.701913513039344,"Low"
"Georgina",2019-12-26,1.13,12.5899375,79.03,10.1011059981885,"Low",7.9399,8.935030625,8.9231,9.7858,0.364035103252265,"Low",23.19,25.3204166666667,25.53,26.31,0.766492309806764,"Low"
"Georgina",2019-12-27,1.02,10.5155555555556,44.54,7.77925739105782,"Low",8.2766,9.061741875,9.10425,9.568,0.277577253331423,"Low",23.99,25.504375,25.74,26.29,0.621340028366967,"Low"
"Georgina",2019-12-28,1.02,10.9201875,50.82,8.84395648230238,"Low",8.8075,9.22098277777778,9.2346,9.8115,0.212449408657632,"Low",25.23,25.8060416666667,25.865,26.31,0.282389044927447,"Low"
"Georgina",2019-12-29,1.02,9.88627083333333,51.78,7.85876129107778,"Low",8.4699,9.17280020833333,9.154,9.5163,0.208464707018308,"Low",24.24,25.76625,25.885,26.29,0.410876722206386,"Low"
"Georgina",2019-12-30,1.02,10.9389791666667,51.97,10.3469801283176,"Low",8.3741,9.08042868055556,9.0934,9.6927,0.252952924566811,"Low",24.27,25.7066666666667,25.86,26.4,0.530861737552409,"Low"
"Georgina",2019-12-31,0.9,9.11482638888889,47.94,6.78962558144437,"Low",8.887,9.32411868055556,9.3432,9.6526,0.230503886218527,"Low",24.97,26.025625,26.1,26.4,0.334803252799471,"Low"
"Georgina",2020-01-01,1.13,10.4142152777778,45.95,8.17803253851544,"Low",8.3305,9.305830625,9.32165,9.6827,0.276799067771186,"Low",24.27,25.9416666666667,26.175,26.46,0.54618340514587,"Low"
"Georgina",2020-01-02,1.02,10.8003125,50.82,7.84805339016333,"Low",7.9107,8.72013458333333,8.8003,9.2807,0.329025645861071,"Low",22.48,25.0802083333333,25.37,26.26,0.929020279153267,"Low"
"Georgina",2020-01-03,1.13,8.65800694444444,28.28,5.32389401839126,"Low",8.7931,9.24110333333333,9.2619,9.5163,0.207037565830564,"Low",25.49,26.024375,26.075,26.37,0.238022940517854,"Low"
"Georgina",2020-01-04,1.13,9.06206944444444,34.91,6.27212740884934,"Low",8.67,9.10874770833333,9.0898,9.5034,0.163630728249755,"Low",25.27,26.0310416666667,26.085,26.43,0.284232745379732,"Low"
"Georgina",2020-01-05,1.24,8.09527777777778,33.74,5.24661249386672,"Low",8.8451,9.23519097222222,9.2274,9.6067,0.226674079659769,"Low",25.86,26.2220833333333,26.24,26.4,0.10915455241105,"Low"
"Georgina",2020-01-06,1.24,7.52201388888889,31.06,5.6143513093893,"Low",8.9289,9.18989805555556,9.226,9.4431,0.159041032232795,"Low",25.94,26.179375,26.205,26.34,0.105918600821574,"Low"
"Georgina",2020-01-07,0.79,8.58701388888889,42.14,8.38829951183751,"Low",8.9116,9.17420666666667,9.2072,9.4244,0.127460438850082,"Low",26.03,26.2333333333333,26.245,26.43,0.0998154325110896,"Low"
"Georgina",2020-01-08,1.47,11.1967986111111,71.83,9.40198413040159,"Low",8.2403,8.85251284722222,8.9145,9.2029,0.202366136834369,"Low",23.94,25.695625,25.87,26.4,0.661522763796739,"Low"
"Georgina",2020-01-09,1.13,14.520625,55.04,9.43794718162415,"Low",7.3402,8.28721090277778,8.50695,9.092,0.51503439238193,"Low",22.4,24.4829166666667,24.97,26.31,1.24903870838155,"Low"
"Georgina",2020-01-10,1.24,11.89625,46.23,7.82134350867871,"Low",8.5468,8.83257583333333,8.767,9.3741,0.200917383231621,"Low",25.17,25.771875,25.775,26.33,0.273874146045844,"Low"
"Georgina",2020-01-11,1.36,10.6383055555556,44.4,6.39328274494521,"Low",8.0946,8.74139173611111,8.8364,9.2346,0.337689558793134,"Low",24.35,25.5347916666667,25.785,26.28,0.608363656584187,"Low"
"Georgina",2020-01-12,1.02,16.0465416666667,60.67,10.3494545678663,"Low",7.2268,8.32129736111111,8.5613,8.7786,0.431472778519314,"Low",22.67,25.0058333333333,25.44,26.25,1.01708141755175,"Low"
"Georgina",2020-01-13,1.02,13.7611180555556,86.91,10.9025987396229,"Low",7.2091,8.17491784722222,8.2577,8.6802,0.296506049836298,"Low",22.48,24.649375,24.77,25.61,0.70666554805545,"Low"
"Georgina",2020-01-14,1.69,13.5909166666667,52.16,8.93637037560125,"Low",7.4858,8.20586006944444,8.2592,8.5932,0.188881720040315,"Low",24.47,25.109375,25.02,25.71,0.351552219116815,"Low"
"Georgina",2020-01-15,1.69,13.382625,50.62,8.66642197360196,"Low",7.2032,8.07639965277778,8.1062,8.5961,0.262853419875781,"Low",24.23,25.1879166666667,25.24,25.74,0.356447951100819,"Low"
"Georgina",2020-01-16,1.02,9.69267361111111,38.5,6.72197913409583,"Low",8.198,8.55408965277778,8.5845,9.0213,0.194647119768235,"Low",24.85,25.4602083333333,25.505,25.85,0.183099665725125,"Low"
"Georgina",2020-01-17,1.02,12.43625,43.41,8.76565048682994,"Low",7.3211,8.08846340277778,8.1456,8.5323,0.250503767906712,"Low",24.25,25.125625,25.235,25.61,0.39931806897856,"Low"
"Georgina",2020-01-18,1.47,9.53011111111111,30.72,5.51709538387634,"Low",8.0975,8.46238541666667,8.5048,9.0026,0.205112956479448,"Low",25.2,25.4072916666667,25.43,25.71,0.136486919072907,"Low"
"Georgina",2020-01-19,1.02,8.58202777777778,30.85,5.97514179273482,"Low",8.1762,8.46570916666667,8.46485,8.7728,0.150084432431331,"Low",25.3,25.6229166666667,25.62,25.87,0.138854865809108,"Low"
"Georgina",2020-01-20,1.02,8.11990277777778,26.73,5.29798327807145,"Low",8.2141,8.47995604166667,8.4714,8.7554,0.113283790042861,"Low",25.17,25.5052083333333,25.48,25.77,0.174441230527079,"Low"
"Georgina",2020-01-21,1.13,9.64498611111111,31.14,6.08663661142644,"Low",8.2082,8.46177451388889,8.4518,8.699,0.123753326668308,"Low",25.17,25.5985416666667,25.62,25.82,0.145748100726041,"Low"
"Georgina",2020-01-22,1.24,8.50351388888889,36.99,5.6300788063786,"Low",8.2141,8.44331958333333,8.45035,8.6309,0.119132021030664,"Low",25.45,25.7997916666667,25.79,26.06,0.120680509863825,"Low"
"Georgina",2020-01-23,1.24,8.26791666666667,30.45,4.92867123109658,"Low",8.198,8.48524798611111,8.49535,8.6295,0.074061586200224,"Low",25.43,25.69625,25.69,25.9,0.0909202362607034,"Low"
"Georgina",2020-01-24,1.02,9.65690972222222,32.99,5.28303007509252,"Low",8.2534,8.50342055555556,8.5171,8.7164,0.0957413700836104,"Low",25.58,25.79375,25.79,26,0.0946803131708367,"Low"
"Georgina",2020-01-25,0.56,11.8687152777778,49.86,8.21315828125383,"Low",7.4872,8.34594368055556,8.393,8.699,0.23999873960535,"Low",23.83,25.70625,25.885,26.27,0.542412361780929,"Low"
"Grainger",2019-12-16,0.68,21.0317847222222,115.3,20.360501196527,"High",8.7569,8.87873159722222,8.8379,9.1122,0.0836911504721781,"High",23.54,24.3060416666667,24.235,24.92,0.340217324682598,"High"
"Grainger",2019-12-17,0.56,19.9398055555556,115.4,20.0564358118367,"High",8.7569,9.00749604166667,9.0228,9.3109,0.177209065952897,"High",24.03,24.4077083333333,24.37,24.73,0.19477471529003,"High"
"Grainger",2019-12-18,0.56,21.3333541666667,117.3,21.0563119061863,"High",8.8046,9.08049666666667,9.0949,9.3943,0.192989108392946,"High",24.09,24.4970833333333,24.48,24.81,0.223530266724316,"High"
"Grainger",2019-12-19,0.79,19.6115625,111.6,19.7756238608479,"High",8.8336,9.08339173611111,9.06965,9.4201,0.19049794413877,"High",24.21,24.4520833333333,24.45,24.66,0.121741937272167,"High"
"Grainger",2019-12-20,0.79,18.7605,112.1,18.0329946158658,"High",8.8813,9.15071298611111,9.18635,9.4532,0.192308969873449,"High",24.37,24.4866666666667,24.47,24.64,0.0810393477671479,"High"
"Grainger",2019-12-21,0.68,19.961,114.3,18.3875621042863,"High",8.8668,9.13569381944444,9.1525,9.3842,0.170410944983743,"High",24.42,24.644375,24.6,25,0.168723697713785,"High"
"Grainger",2019-12-22,0.79,18.6905833333333,111.9,15.9206566337933,"High",8.9101,9.14868930555556,9.1928,9.3986,0.162910865850517,"High",24.11,24.444375,24.45,24.74,0.188204350798738,"High"
"Grainger",2019-12-23,0.68,17.6482916666667,114.4,17.7894471688991,"High",8.7902,9.01507722222222,8.96865,9.2735,0.144278257844038,"High",22.54,23.6572916666667,23.785,24.38,0.557459051385508,"High"
"Grainger",2019-12-24,0.68,18.5334375,116.5,18.887065399143,"High",8.7236,8.91173083333333,8.83715,9.2994,0.17246256858084,"High",22.58,23.93375,23.865,25,0.688506323461745,"High"
"Grainger",2019-12-25,0.68,19.9248680555556,114.9,18.3481980712948,"High",8.7554,8.91530930555555,8.8769,9.2159,0.137906326828629,"High",23.17,23.9177083333333,23.92,24.5,0.420770517044843,"High"
"Grainger",2019-12-26,0.68,20.6332638888889,114.4,21.5235813995046,"High",8.4336,8.79229923611111,8.7497,9.154,0.160362277336245,"High",22.37,23.4464583333333,23.4,24.2,0.42200882103987,"High"
"Grainger",2019-12-27,0.68,22.9452708333333,116.7,25.5963827482432,"High",8.6613,8.96691625,8.9578,9.3684,0.217707773100106,"High",22.56,23.673125,23.74,24.08,0.288364103839189,"High"
"Grainger",2019-12-28,0.68,20.3625555555556,114.5,21.046475069547,"High",8.7323,8.87965166666667,8.8119,9.1871,0.12715899858631,"High",22.6,23.3304166666667,23.4,24.22,0.411613112776949,"High"
"Grainger",2019-12-29,0.79,20.0236944444444,111.6,19.3898687204482,"High",8.7931,8.98522736111111,9.0026,9.1698,0.123044238110912,"High",23.31,24.048125,24.015,24.66,0.261368381505996,"High"
"Grainger",2019-12-30,0.68,19.1853611111111,114.9,22.4980640818341,"High",8.8682,9.00335263888889,8.9896,9.1813,0.0993114328159576,"High",23.24,24.055625,24.145,24.51,0.354916269718138,"High"
"Grainger",2019-12-31,0.68,19.8925972222222,115.4,21.9802425289297,"High",8.8596,9.14380097222222,9.10135,9.4891,0.229671128715128,"High",23.21,24.170625,24.195,24.69,0.388605834594453,"High"
"Grainger",2020-01-01,0.56,16.4024236111111,112.8,20.2232283354972,"High",8.9549,9.27109118055555,9.2663,9.6268,0.222757077443282,"High",23.59,24.0047916666667,24.035,24.33,0.247987556168015,"High"
"Grainger",2020-01-02,0.79,15.2748541666667,110.8,14.6467199346204,"High",8.3348,8.840850625,8.8227,9.2591,0.192967643860554,"High",22.01,23.5466666666667,23.57,24.35,0.606764468774644,"High"
"Grainger",2020-01-03,0.68,16.6602777777778,116.3,18.1027693965729,"High",8.5352,8.94621180555556,8.9116,9.4962,0.302701189143976,"High",22.39,23.3185416666667,23.37,24.03,0.32370849497088,"High"
"Grainger",2020-01-04,0.56,14.2855208333333,114.6,14.6812025629069,"High",8.8466,9.04003944444444,9.0199,9.3468,0.149991397435867,"High",23.27,23.7045833333333,23.655,24.05,0.199466931438744,"High"
"Grainger",2020-01-05,0.45,16.2909166666667,116.6,20.6558136931451,"High",8.7844,9.11580777777778,9.0357,9.5752,0.268059888463863,"High",23.59,23.9889583333333,23.995,24.33,0.194687306117067,"High"
"Grainger",2020-01-06,0.68,15.6097291666667,104.75,14.2193721961554,"High",8.8321,9.05925069444444,9.10135,9.3037,0.148468063684397,"High",23.52,23.74125,23.76,23.93,0.0954635944868007,"High"
"Grainger",2020-01-07,0.56,15.9244444444444,115.9,18.667727879428,"High",8.8523,9.10937486111111,9.1388,9.3497,0.142501615001204,"High",23.36,23.5766666666667,23.505,23.83,0.166763092673452,"High"
"Grainger",2020-01-08,0.68,17.0943680555556,114.5,18.3793842840512,"High",8.6251,8.94945326388889,8.9477,9.2404,0.189400223749971,"High",22.76,23.5525,23.74,23.88,0.318216439122273,"High"
"Grainger",2020-01-09,0.79,17.5739375,115.5,20.795554594159,"High",7.7746,8.46579805555556,8.5584,8.7743,0.25866778371334,"High",21.23,22.889375,23.02,23.9,0.75224318795838,"High"
"Grainger",2020-01-10,0.9,23.8101111111111,116.2,24.8434049647944,"High",8.3334,8.56244409722222,8.4888,8.9535,0.161035898021472,"High",22.2,22.9552083333333,22.94,23.38,0.190743111008401,"High"
"Grainger",2020-01-11,0.68,23.6391180555556,115.3,25.498972135601,"High",8.2432,8.59068138888889,8.6106,8.8899,0.187946443107802,"High",21.47,22.581875,22.74,23.21,0.422402733358742,"High"
"Grainger",2020-01-12,0.79,24.3367430555556,115.4,26.3212287330724,"High",7.8975,8.42257986111111,8.4859,8.7583,0.223869068157114,"High",21.74,22.36,22.345,23.03,0.378204042644101,"High"
"Grainger",2020-01-13,0.9,22.5799375,114.7,22.7097932711858,"High",7.4432,7.94890972222222,7.92745,8.3508,0.277007750364963,"High",21.31,22.37125,22.37,23.15,0.55934089251775,"High"
"Grainger",2020-01-14,0.68,24.0085347222222,115.2,21.0759602639627,"High",7.612,7.88825472222222,7.9077,8.0581,0.0994548351993864,"High",21.99,22.6677083333333,22.665,23.13,0.345716890590721,"High"
"Grainger",2020-01-15,0.68,23.8407777777778,113,20.2462386134039,"High",7.5724,7.71762451388889,7.7219,7.8566,0.073732993043419,"High",22.08,22.6852083333333,22.69,23.1,0.258176828593689,"High"
"Grainger",2020-01-16,0.45,20.7822777777778,115.7,21.378684391286,"High",7.5372,7.94191798611111,7.8887,8.4191,0.275223018424794,"High",21.81,22.3375,22.33,22.9,0.2506714387655,"High"
"Grainger",2020-01-17,0.79,20.4350069444444,113.9,19.4303220439705,"High",7.8142,8.02296034722222,7.9917,8.2825,0.136909845111855,"High",22.28,22.6991666666667,22.72,23,0.196261151826621,"High"
"Grainger",2020-01-18,0.9,20.7741736111111,114.8,20.3854974751235,"High",7.7995,8.06883659722222,7.9355,8.6671,0.275112587504757,"High",22.31,22.75625,22.75,23.11,0.205577805325753,"High"
"Grainger",2020-01-19,0.68,18.9098333333333,114.2,17.8372416307106,"High",7.9749,8.28474201388889,8.3341,8.5381,0.171808512419066,"High",22.26,22.6902083333333,22.68,23.09,0.193098911742951,"High"
"Grainger",2020-01-20,0.68,16.276625,113.2,16.0243715919953,"High",8.0698,8.32670145833333,8.3697,8.557,0.130721329905956,"High",21.91,22.3577083333333,22.33,22.73,0.175465818740002,"High"
"Grainger",2020-01-21,0.68,18.6810555555556,114.6,20.7172446322688,"High",8.1937,8.396545,8.4162,8.5845,0.121598494250671,"High",22.22,22.4520833333333,22.46,22.72,0.109834659749414,"High"
"Grainger",2020-01-22,0.56,19.3952569444444,115.3,20.2099064787133,"High",8.2301,8.34843166666667,8.3174,8.5309,0.0958662517166864,"High",21.75,22.3545833333333,22.33,22.72,0.180318374859737,"High"
"Grainger",2020-01-23,0.79,20.2156666666667,114.9,21.8567713893513,"High",8.2155,8.333890625,8.3348,8.5048,0.0782875968041468,"High",21.19,21.9760416666667,21.98,22.46,0.216576256368732,"High"
"Grainger",2020-01-24,0.79,21.4841666666667,115.4,23.5309271452297,"High",8.2985,8.38403972222222,8.3886,8.4569,0.0488518442630425,"High",21.65,22.4795833333333,22.56,22.99,0.405861093171487,"High"
"Grainger",2020-01-25,0.79,20.1059930555556,113.5,20.6786863207003,"High",8.2679,8.365636875,8.3842,8.4351,0.0521690067180127,"High",21.73,22.5689583333333,22.655,22.97,0.30031359201025,"High"
"Josef",2019-12-16,0.9,15.3633611111111,101,10.7350339907539,"High",8.6889,9.01727243055556,9.0069,9.3598,0.173842133811632,"High",NA,NA,NA,NA,NA,NA
"Josef",2019-12-17,1.24,14.9696597222222,92.54,9.75191319349544,"High",8.8596,9.12130833333333,9.0718,9.4977,0.176446919850333,"High",NA,NA,NA,NA,NA,NA
"Josef",2019-12-18,1.13,14.9223125,98,9.49991379205884,"High",8.8682,9.05313256944445,9.0314,9.4029,0.125134181719752,"High",NA,NA,NA,NA,NA,NA
"Josef",2019-12-19,1.02,14.7670625,99.6,9.5887729794343,"High",8.7381,9.00790472222222,8.9593,9.4029,0.19095542353894,"High",NA,NA,NA,NA,NA,NA
"Josef",2019-12-20,0.9,15.3416944444444,108.25,9.6406819222516,"High",8.7772,9.07602409722222,8.9903,9.4532,0.22260394939486,"High",NA,NA,NA,NA,NA,NA
"Josef",2019-12-21,1.02,14.9722847222222,111.3,9.82501333297997,"High",8.8191,9.11232631944444,9.0848,9.5063,0.156078173675154,"High",NA,NA,NA,NA,NA,NA
"Josef",2019-12-22,1.13,15.1372083333333,84.8,9.79209194261258,"High",8.8162,9.11959020833333,9.0588,9.4187,0.165784125463477,"High",NA,NA,NA,NA,NA,NA
"Josef",2019-12-23,1.13,13.3997083333333,73.34,8.56318731444544,"High",7.9136,8.65549930555555,8.6932,9.1381,0.299615775146574,"High",NA,NA,NA,NA,NA,NA
"Josef",2019-12-24,1.24,15.7735555555556,83.04,8.95978049792076,"High",8.4002,8.74885534722222,8.7424,9.1367,0.148172588123842,"High",NA,NA,NA,NA,NA,NA
"Josef",2019-12-25,1.24,16.0425763888889,112.5,9.91064623447874,"High",8.6512,8.91672965277778,8.9376,9.1784,0.138220797731464,"High",NA,NA,NA,NA,NA,NA
"Josef",2019-12-26,0.9,16.5771111111111,90.43,9.81874253968466,"High",8.3682,8.78901076388889,8.7656,9.2116,0.168642925699761,"High",NA,NA,NA,NA,NA,NA
"Josef",2019-12-27,1.02,16.4599791666667,93.94,10.1095951195461,"High",8.6396,8.95692729166667,8.9477,9.2461,0.196931230253677,"High",NA,NA,NA,NA,NA,NA
"Josef",2019-12-28,1.02,15.5186180555556,68.79,9.09684055570128,"High",8.7222,8.961305625,8.9823,9.1453,0.093114350422732,"High",NA,NA,NA,NA,NA,NA
"Josef",2019-12-29,1.13,15.0828125,100.6,10.0913836780413,"High",8.741,8.96653868055555,8.952,9.1482,0.0986736629249841,"High",NA,NA,NA,NA,NA,NA
"Josef",2019-12-30,0.56,14.9653472222222,57.72,9.01621680916988,"High",8.7352,8.94461055555556,8.9665,9.0905,0.0813830512341676,"High",NA,NA,NA,NA,NA,NA
"Josef",2019-12-31,1.13,14.4619513888889,99.4,9.1294924804764,"High",8.8017,9.003163125,8.9751,9.3439,0.14427341060019,"High",NA,NA,NA,NA,NA,NA
"Josef",2020-01-01,0.9,12.8144097222222,61.47,8.7836375099991,"High",8.796,9.05597506944444,8.9838,9.3813,0.203166773983161,"High",NA,NA,NA,NA,NA,NA
"Josef",2020-01-02,0.9,11.5068472222222,61.2,8.3664766170884,"High",8.2053,8.76280854166667,8.7858,9.1338,0.243246112987702,"High",NA,NA,NA,NA,NA,NA
"Josef",2020-01-03,0.79,11.9301041666667,64.96,8.16319589732346,"High",8.3959,8.72672881944444,8.7829,9.1669,0.188812050147086,"High",NA,NA,NA,NA,NA,NA
"Josef",2020-01-04,1.02,11.8033194444444,43.98,7.85816262862282,"High",8.657,8.84532465277778,8.8473,9.2116,0.15299500551611,"High",NA,NA,NA,NA,NA,NA
"Josef",2020-01-05,1.13,11.8636527777778,101.8,8.5160322003897,"High",8.5932,8.86937236111111,8.8097,9.3037,0.230664677456196,"High",NA,NA,NA,NA,NA,NA
"Josef",2020-01-06,1.13,11.2670069444444,63.08,8.45618521443161,"High",8.4975,8.73164215277778,8.7337,8.9275,0.128589991232825,"High",NA,NA,NA,NA,NA,NA
"Josef",2020-01-07,0.9,12.2309444444444,73.72,8.69330590498905,"High",8.4467,8.74101069444444,8.7641,8.9347,0.137483863265142,"High",NA,NA,NA,NA,NA,NA
"Josef",2020-01-08,1.13,13.0398263888889,82.34,9.04173081977296,"High",7.8171,8.40855854166667,8.5744,8.7554,0.320695090645241,"High",NA,NA,NA,NA,NA,NA
"Josef",2020-01-09,1.13,14.9822847222222,103.35,10.355443354904,"High",7.3137,7.999541875,7.8829,8.8986,0.512217682185677,"High",NA,NA,NA,NA,NA,NA
"Josef",2020-01-10,0.9,15.6456319444444,107.55,9.37206219060713,"High",7.6457,8.07220277777778,8.01655,8.7656,0.271101154995091,"High",NA,NA,NA,NA,NA,NA
"Josef",2020-01-11,1.13,16.8631805555556,96,10.6449306656428,"High",8.0246,8.44239201388889,8.4467,8.9087,0.222595607771443,"High",NA,NA,NA,NA,NA,NA
"Josef",2020-01-12,0.9,17.2282222222222,112.5,11.6428520409561,"High",8.0654,8.41577847222222,8.4474,8.6454,0.149795527378763,"High",NA,NA,NA,NA,NA,NA
"Josef",2020-01-13,1.13,17.6075347222222,60.13,9.37047421630327,"High",7.4299,7.95603909722222,7.9296,8.6295,0.421582822828091,"High",NA,NA,NA,NA,NA,NA
"Josef",2020-01-14,1.24,17.0788402777778,106.85,10.4399537767084,"High",7.477,7.77760020833333,7.7329,8.1237,0.172754644327894,"High",NA,NA,NA,NA,NA,NA
"Josef",2020-01-15,1.02,17.0938819444444,99.4,10.5310853996245,"High",7.3564,7.57000798611111,7.5533,7.7995,0.102083246759925,"High",NA,NA,NA,NA,NA,NA
"Josef",2020-01-16,1.24,16.6705902777778,99.2,10.9033645787474,"High",7.2519,7.60330819444444,7.5093,8.2068,0.246941646953713,"High",NA,NA,NA,NA,NA,NA
"Josef",2020-01-17,1.24,15.8242430555556,72.21,8.8875933926662,"High",7.1944,7.4952175,7.449,7.9223,0.176717862947641,"High",NA,NA,NA,NA,NA,NA
"Josef",2020-01-18,1.13,15.6565555555556,102,9.29250759322193,"High",6.859,7.28447986111111,7.3623,7.6751,0.189908610653279,"High",NA,NA,NA,NA,NA,NA
"Josef",2020-01-19,1.02,14.7217916666667,83.04,8.74277339133712,"High",7.3446,7.63179034722222,7.51145,8.3377,0.299539272573128,"High",NA,NA,NA,NA,NA,NA
"Josef",2020-01-20,1.24,13.721,80.93,8.66484301584447,"High",7.4975,7.8157825,7.7659,8.2141,0.192105665451078,"High",NA,NA,NA,NA,NA,NA
"Josef",2020-01-21,1.02,14.6972291666667,86.91,9.20031165606421,"High",7.524,7.90841902777778,7.9216,8.2213,0.169620518320542,"High",NA,NA,NA,NA,NA,NA
"Josef",2020-01-22,1.02,14.8192222222222,76,9.0815700598811,"High",7.4593,7.91978770833333,7.8734,8.2999,0.219366394398208,"High",NA,NA,NA,NA,NA,NA
"Josef",2020-01-23,1.13,15.2619722222222,87.97,9.95022589757185,"High",7.4094,7.86969222222222,7.8449,8.1966,0.201667803639897,"High",NA,NA,NA,NA,NA,NA
"Josef",2020-01-24,0.9,16.2972777777778,95.4,10.0227272773961,"High",7.6047,8.04758854166667,8.07705,8.4511,0.273142664463208,"High",NA,NA,NA,NA,NA,NA
"Josef",2020-01-25,1.13,14.145,99.6,9.18869052125943,"High",7.6325,8.02237763888889,8.026,8.3726,0.147883000022324,"High",NA,NA,NA,NA,NA,NA
"McKenzie",2019-12-16,0.79,1.26085416666667,5.2,0.219704535585669,"Low",9.8073,10.0830184027778,10.113,10.2228,0.108475971605666,"Low",27.64,27.8497916666667,27.85,28.05,0.0936150920578137,"Low"
"McKenzie",2019-12-17,0.79,1.28422916666667,6.25,0.225913241040482,"Low",9.9374,10.1017877777778,10.0973,10.2271,0.0623378697931417,"Low",27.65,27.87,27.86,28.12,0.0804244061612083,"Low"
"McKenzie",2019-12-18,0.79,1.31634027777778,7.34,0.286458101827775,"Low",10.0845,10.1781741666667,10.1844,10.2157,0.030130510176604,"Low",27.87,27.959375,27.96,28.08,0.0498254933466189,"Low"
"McKenzie",2019-12-19,0.79,1.29444444444444,4.78,0.239993854964699,"Low",10.056,10.1815257638889,10.1901,10.2157,0.0321914591869696,"Low",27.81,28.0095833333333,28.05,28.14,0.0679786679097214,"Low"
"McKenzie",2019-12-20,0.79,1.244125,3.53,0.17321009087309,"Low",10.0088,10.1508523611111,10.1558,10.1829,0.0276524203823757,"Low",27.91,28.085,28.08,28.25,0.0649713521157188,"Low"
"McKenzie",2019-12-21,0.9,1.15595138888889,2.26,0.0845077172326344,"Low",10.1116,10.1689779166667,10.1744,10.1886,0.0172770173504212,"Low",27.99,28.06125,28.05,28.17,0.0432521060857285,"Low"
"McKenzie",2019-12-22,0.79,1.13559027777778,1.92,0.0683148612439107,"Low",10.0488,10.1066097222222,10.1073,10.1644,0.0316403697487561,"Low",27.81,27.9991666666667,28,28.16,0.0761251302855565,"Low"
"McKenzie",2019-12-23,0.79,1.21225,2.84,0.111110729286658,"Low",9.9431,10.097446875,10.1031,10.153,0.037497642139795,"Low",27.75,27.9577083333333,27.97,28.07,0.0719999876871541,"Low"
"McKenzie",2019-12-24,0.79,1.254125,4.45,0.209163756581794,"Low",10.036,10.0905861111111,10.0973,10.1316,0.0234679338871735,"Low",27.86,28.039375,28.04,28.16,0.0702701852578332,"Low"
"McKenzie",2019-12-25,0.79,1.23921527777778,5.1,0.237203438726996,"Low",9.9746,10.0835290972222,10.0831,10.1401,0.0319603327677126,"Low",27.79,28.0277083333333,28.04,28.18,0.081141840174785,"Low"
"McKenzie",2019-12-26,1.02,1.27525694444444,2.15,0.0958235033884534,"Low",9.9088,10.04324125,10.0445,10.1273,0.0459902498183368,"Low",27.39,27.9666666666667,28.03,28.14,0.170347995926903,"Low"
"McKenzie",2019-12-27,0.68,1.47148611111111,10.37,0.766087149290022,"Low",9.6397,9.88013166666667,9.906,10.0345,0.10320406940439,"Low",27.75,28.0402083333333,28.07,28.15,0.0832195144701797,"Low"
"McKenzie",2019-12-28,0.9,1.32531944444444,9.3,0.412976662963629,"Low",9.7142,9.85680409722222,9.8573,9.966,0.0519846822592428,"Low",27.91,28.0347916666667,28.04,28.14,0.0576854855940983,"Low"
"McKenzie",2019-12-29,0.79,1.294875,6.04,0.202341363664521,"Low",9.6511,9.75642708333333,9.7314,9.9217,0.0703513645836659,"Low",27.88,27.9814583333333,27.99,28.09,0.046858300807967,"Low"
"McKenzie",2019-12-30,0.9,1.31383333333333,6.67,0.28748803038805,"Low",9.5292,9.70968826388889,9.7214,9.8201,0.0617842332185056,"Low",27.83,27.9670833333333,27.975,28.06,0.0466748979569403,"Low"
"McKenzie",2019-12-31,0.56,1.31892361111111,11.2,0.522161961830866,"Low",9.4345,9.57071472222222,9.5335,9.7657,0.0898121266170866,"Low",27.71,28.1902083333333,28.315,28.4,0.206351173337077,"Low"
"McKenzie",2020-01-01,0.68,1.72373611111111,15.07,1.4287733406719,"Low",9.3813,9.62254465277778,9.6511,9.7686,0.0958065206267189,"Low",28.12,28.245625,28.26,28.39,0.06132946430134,"Low"
"McKenzie",2020-01-02,0.9,1.318375,6.14,0.400574463705436,"Low",9.2691,9.39430104166667,9.3986,9.5221,0.0614961317813612,"Low",28.01,28.2702083333333,28.285,28.4,0.0859363837774057,"Low"
"McKenzie",2020-01-03,0.9,1.34484027777778,2.15,0.0856166093524153,"Low",9.2576,9.28740055555556,9.285,9.3324,0.0136067334932192,"Low",28.21,28.3091666666667,28.33,28.4,0.0374070953181587,"Low"
"McKenzie",2020-01-04,1.13,1.42986111111111,6.04,0.367716477842096,"Low",9.226,9.30265083333333,9.2922,9.3856,0.0369308457191494,"Low",27.88,28.246875,28.27,28.4,0.108159776414536,"Low"
"McKenzie",2020-01-05,0.9,1.36688888888889,6.86,0.356571448953267,"Low",8.9722,9.26997972222222,9.2706,9.3511,0.0541624454662121,"Low",27.66,28.298125,28.33,28.42,0.140722395350532,"Low"
"McKenzie",2020-01-06,1.02,1.35059027777778,9.48,0.397366940298828,"Low",9.154,9.25055354166667,9.2619,9.2864,0.0291064371772744,"Low",27.99,28.2197916666667,28.23,28.36,0.114585090250876,"Low"
"McKenzie",2020-01-07,1.02,1.35852777777778,3.18,0.0950069632387862,"Low",9.1338,9.22966770833333,9.2303,9.2807,0.0238638311699539,"Low",27.93,28.2095833333333,28.245,28.32,0.0937393019900865,"Low"
"McKenzie",2020-01-08,0.9,1.42821527777778,5.41,0.273681453622467,"Low",9.0559,9.18033354166667,9.1856,9.2519,0.052527955626159,"Low",27.95,28.19875,28.215,28.36,0.0990513513929315,"Low"
"McKenzie",2020-01-09,0.9,1.3229375,3.99,0.150733841648344,"Low",8.9823,9.14475131944444,9.1568,9.2058,0.0466972135681926,"Low",27.72,28.1333333333333,28.155,28.29,0.125500416771933,"Low"
"McKenzie",2020-01-10,1.02,1.30503472222222,3.88,0.169233234340079,"Low",9.0877,9.17495604166667,9.177,9.2375,0.0285820167228044,"Low",28.01,28.2020833333333,28.22,28.32,0.0612618493386966,"Low"
"McKenzie",2020-01-11,0.9,1.31888194444444,7.63,0.347095863588421,"Low",8.8003,9.07479895833333,9.0804,9.2029,0.0831024161468802,"Low",27.46,28.0260416666667,28.08,28.25,0.173263292245404,"Low"
"McKenzie",2020-01-12,0.9,1.4786875,10.95,0.69998144489207,"Low",8.1456,8.99645638888889,9.0401,9.1107,0.164271130522973,"Low",26.74,27.9933333333333,28.08,28.24,0.318823190734856,"Low"
"McKenzie",2020-01-13,0.68,1.67983333333333,16.63,1.3938653341841,"Low",7.2283,8.57893395833333,8.636,9.0747,0.399978518837235,"Low",24.75,26.9614583333333,27.04,28.2,0.835985822905682,"Low"
"McKenzie",2020-01-14,0.79,1.26825694444444,7.63,0.384944898208039,"Low",8.5744,8.99003840277778,9.0213,9.0848,0.0866595982385697,"Low",26.84,27.92125,28.04,28.2,0.322118155935022,"Low"
"McKenzie",2020-01-15,0.79,1.32969444444444,7.53,0.433150510247692,"Low",8.6947,8.94264798611111,8.9564,9.0372,0.0663992117877296,"Low",27.6,27.913125,27.93,28.07,0.117276836515054,"Low"
"McKenzie",2020-01-16,0.9,1.23861111111111,1.81,0.0715334967349085,"Low",8.6584,8.954636875,8.9708,8.9867,0.0539199210108747,"Low",27.57,28.0808333333333,28.13,28.22,0.143909447493951,"Low"
"McKenzie",2020-01-17,0.9,1.28566666666667,8.77,0.488443202061435,"Low",8.7757,8.89418229166667,8.8885,8.9838,0.0378256296920037,"Low",27.93,28.0483333333333,28.05,28.16,0.0530889792359215,"Low"
"McKenzie",2020-01-18,1.02,1.25223611111111,2.49,0.0627790488937316,"Low",8.686,8.81124243055556,8.835,8.8856,0.0503138196026813,"Low",27.91,28.0258333333333,28.02,28.12,0.0515229068383962,"Low"
"McKenzie",2020-01-19,0.9,1.31527777777778,7.25,0.26292164110224,"Low",8.5932,8.79310715277778,8.8104,8.9044,0.0665267832928425,"Low",27.65,27.985625,28.05,28.18,0.128756842412685,"Low"
"McKenzie",2020-01-20,0.79,1.29384027777778,2.15,0.0858318380464873,"Low",8.3624,8.66215361111111,8.6773,8.8813,0.116900926440538,"Low",27.63,27.843125,27.84,28.05,0.110668303521177,"Low"
"McKenzie",2020-01-21,0.9,1.30244444444444,5.2,0.138419540218692,"Low",8.5512,8.86292666666667,8.8784,8.9419,0.0507981797236708,"Low",27.77,28.05375,28.09,28.15,0.0710296611702284,"Low"
"McKenzie",2020-01-22,0.79,1.30385416666667,6.04,0.238787342585725,"Low",8.6367,8.86181520833333,8.8625,8.9665,0.0495390706949717,"Low",27.75,28.040625,28.05,28.16,0.0784804149575862,"Low"
"McKenzie",2020-01-23,0.9,1.28309722222222,2.61,0.105329775620697,"Low",8.5642,8.79110833333333,8.8364,8.9246,0.103849830843514,"Low",27.8,27.9583333333333,27.965,28.15,0.0917056654630138,"Low"
"McKenzie",2020-01-24,1.02,1.36116666666667,5.73,0.235508174103348,"Low",8.361,8.68413888888889,8.6686,8.8625,0.093380799819867,"Low",27.51,27.848125,27.855,27.99,0.0823499602759271,"Low"
"McKenzie",2020-01-25,0.79,1.36464583333333,5.94,0.25781303375079,"Low",8.4235,8.57853548611111,8.5845,8.7251,0.0483031245287029,"Low",27.61,27.8375,27.84,27.94,0.0709059911041941,"Low"
"Porlier",2019-12-16,0.9,66.3244791666667,116.8,34.9072613755413,"High",8.2068,8.91587159722222,8.9636,9.7357,0.323121002823753,"High",22.27,23.894375,24.12,24.9,0.838544601003632,"High"
"Porlier",2019-12-17,1.24,67.3231597222222,118,33.4453308117679,"High",8.6541,9.15346652777778,9.1626,9.8173,0.146945324570844,"High",24.12,25.20625,25.26,26.47,0.564158665625194,"High"
"Porlier",2019-12-18,1.02,62.8564513888889,117,33.8306564877531,"High",8.5381,9.09375208333333,9.11865,9.6038,0.196023795859735,"High",23.04,25.3308333333333,25.34,27.22,0.940336819088423,"High"
"Porlier",2019-12-19,1.24,63.3329236111111,117.9,33.7124056490074,"High",9.0776,9.25781770833333,9.2144,9.6884,0.139009431385797,"High",24.25,24.936875,24.785,26.84,0.544676973369674,"High"
"Porlier",2019-12-20,1.24,68.8000347222222,116.3,33.3243350313287,"High",9.092,9.36509083333333,9.3662,9.6468,0.116155967967088,"High",24.22,25.1475,24.865,26.94,0.619435226637943,"High"
"Porlier",2019-12-21,1.02,65.7868333333333,117.2,33.8979028950321,"High",8.7178,9.21782965277778,9.2634,9.5952,0.174410800210022,"High",23.29,24.8016666666667,24.83,25.94,0.599383844383381,"High"
"Porlier",2019-12-22,1.02,67.7760763888889,117.8,34.2499662846762,"High",8.3886,9.20264902777778,9.2749,9.5536,0.222233677700447,"High",23.02,24.7285416666667,24.795,26.34,0.722687035595935,"High"
"Porlier",2019-12-23,1.02,58.6365763888889,116.9,35.5223197521073,"High",7.218,8.43589104166667,8.7019,9.3267,0.666035614921303,"High",19.46,23.0789583333333,23.66,25.94,1.8437787742676,"High"
"Porlier",2019-12-24,0.9,67.6128611111111,117.3,35.0195931221472,"High",7.9603,8.82180645833333,8.8495,9.6612,0.355668945232998,"High",21.79,24.1585416666667,24.365,26.54,1.06805249210258,"High"
"Porlier",2019-12-25,0.9,69.9801597222222,117.4,35.3316330404239,"High",7.6472,8.78578395833333,8.9231,9.5178,0.501495935768558,"High",21.23,24.0289583333333,24.445,25.67,1.15344855658804,"High"
"Porlier",2019-12-26,1.24,66.8438263888889,116.9,35.0188444833392,"High",7.4535,8.75115159722222,8.8856,9.4115,0.454430281687687,"High",20.74,23.5872916666667,23.89,25.16,1.12676667822718,"High"
"Porlier",2019-12-27,0.79,66.2696388888889,118.5,34.8927057596197,"High",8.5831,8.957721875,8.94265,9.5766,0.17945782433883,"High",23.56,24.5997916666667,24.48,26,0.656264378430799,"High"
"Porlier",2019-12-28,1.13,67.3420208333333,117.7,35.2010996241015,"High",8.4191,8.97805256944445,9.0588,9.4575,0.212417132974632,"High",23.32,24.58125,24.38,26.34,0.738533984870372,"High"
"Porlier",2019-12-29,1.24,59.7633402777778,117.1,33.3318860066831,"High",8.406,8.94803173611111,8.9549,9.4862,0.212824411144295,"High",22.61,23.8354166666667,23.785,24.81,0.623449424089207,"High"
"Porlier",2019-12-30,1.24,60.2485138888889,118.2,33.0860579487871,"High",8.1645,8.89970659722222,8.9896,9.3756,0.27227923816428,"High",22.24,24.103125,24.24,25.4,0.726000868207675,"High"
"Porlier",2019-12-31,1.13,60.9190069444444,117.9,33.5535775357588,"High",8.8639,9.132906875,9.164,9.3813,0.140102862792198,"High",23.81,24.6514583333333,24.54,26.97,0.598128249192654,"High"
"Porlier",2020-01-01,0.9,50.7533194444444,115.2,31.0631155369363,"High",8.6193,9.07295875,9.1122,9.5508,0.213195581055563,"High",23.3,24.3570833333333,24.405,25.5,0.489767458209064,"High"
"Porlier",2020-01-02,0.79,48.1737083333333,117.5,32.7689820623833,"High",8.2941,8.751163125,8.8046,9.2807,0.252637489125626,"High",22.92,23.9877083333333,24.035,25,0.550830087650441,"High"
"Porlier",2020-01-03,1.24,54.2301944444444,116.2,31.855588030577,"High",8.7569,9.04640604166667,9.0386,9.3842,0.179396947442035,"High",23.62,24.4760416666667,24.375,26.32,0.565138806460303,"High"
"Porlier",2020-01-04,1.02,55.8347916666667,117.7,31.6698210194407,"High",8.9665,9.14528020833333,9.11575,9.4388,0.105226041565028,"High",24.14,24.838125,24.77,26.04,0.508090527408801,"High"
"Porlier",2020-01-05,0.9,57.3858819444444,117.1,33.8643413766277,"High",8.8177,9.08569520833333,9.0617,9.4115,0.153115392851604,"High",24.11,24.7372916666667,24.575,26.18,0.549497796186831,"High"
"Porlier",2020-01-06,1.02,58.1999930555556,117.2,34.7642755305194,"High",8.5367,8.8299625,8.7916,9.2504,0.17181798617079,"High",23.78,24.663125,24.625,25.73,0.453530623658144,"High"
"Porlier",2020-01-07,1.24,60.557875,117.1,35.2026180490944,"High",8.5831,8.96955409722222,8.9737,9.2188,0.1733441085108,"High",24.05,25.093125,25.14,26.14,0.497603431993706,"High"
"Porlier",2020-01-08,1.24,61.9262638888889,117.6,37.6397037529515,"High",8.0815,8.68416083333333,8.6295,9.0545,0.275461216660254,"High",23.98,24.978125,24.965,25.97,0.472182151338393,"High"
"Porlier",2020-01-09,1.13,62.5453888888889,117.9,37.5726972307557,"High",7.3034,8.04512951388889,7.9501,8.8061,0.489188924834204,"High",22.26,23.898125,23.925,25.46,1.02933702325662,"High"
"Porlier",2020-01-10,1.13,71.0448402777778,117.5,35.5171214510167,"High",7.8039,8.35792506944444,8.4445,8.7337,0.228563761676013,"High",22.52,24.2827083333333,24.11,26.34,1.04183704280414,"High"
"Porlier",2020-01-11,1.24,72.1904791666667,117.6,36.2737942513329,"High",7.3432,8.30913902777778,8.6541,8.809,0.54371480388939,"High",23.08,25.2758333333333,25.58,26.77,1.17384226954002,"High"
"Porlier",2020-01-12,1.02,74.2783194444444,118.3,35.3798931065184,"High",7.8829,8.28054770833333,8.2701,8.8552,0.221412088375255,"High",24.35,25.5791666666667,25.665,26.59,0.51704493130956,"High"
"Porlier",2020-01-13,0.9,75.0455972222222,117.7,33.7655288968818,"High",7.4388,7.87917909722222,7.7175,8.4249,0.344464417203183,"High",24.66,25.4175,25.435,26.11,0.415331193145904,"High"
"Porlier",2020-01-14,1.36,72.7372152777778,117.3,33.9210321264472,"High",7.3476,7.79238493055556,7.70585,8.3653,0.285081369634552,"High",23.66,24.9366666666667,24.935,25.89,0.662170297994481,"High"
"Porlier",2020-01-15,1.92,71.3398958333333,117.6,32.6685152833138,"High",6.641,7.51433861111111,7.54895,8.3115,0.49103793295485,"High",24.56,25.43375,25.505,26.4,0.572830319089419,"High"
"Porlier",2020-01-16,1.13,66.7160347222222,117.8,34.1746846296084,"High",6.8279,7.72047868055556,7.84415,8.3726,0.365083792789838,"High",25.09,25.806875,25.91,26.32,0.360420299862801,"High"
"Porlier",2020-01-17,0.9,65.4327638888889,117.6,33.2650799193823,"High",6.5384,7.30768291666667,7.27025,8.2577,0.532422998168076,"High",24.78,25.543125,25.525,26.36,0.477854942157849,"High"
"Porlier",2020-01-18,1.69,67.3358888888889,117.4,33.6863215143215,"High",6.8886,7.60383055555556,7.6838,8.2388,0.342927051359678,"High",24.69,25.4291666666667,25.345,26.23,0.482915936181898,"High"
"Porlier",2020-01-19,1.13,66.1021805555555,117.2,34.1247164785515,"High",7.8127,8.13285611111111,8.1128,8.6729,0.163408888543172,"High",25.09,25.8477083333333,25.81,26.82,0.443205151975458,"High"
"Porlier",2020-01-20,1.24,65.8840416666667,117.6,35.8605852113547,"High",7.5386,7.95659979166667,7.8975,8.5294,0.224647056435668,"High",24.93,25.998125,26.07,26.45,0.398388542570019,"High"
"Porlier",2020-01-21,1.13,67.9617152777778,117,35.3347809668978,"High",7.7205,8.01457777777778,8.0143,8.5932,0.119997085292633,"High",24.79,25.99375,26.085,27.06,0.431181577982512,"High"
"Porlier",2020-01-22,1.02,70.690125,117.6,35.7070536396242,"High",7.6311,8.12569902777778,8.1441,8.345,0.138960678312938,"High",25.2,25.995,26,26.87,0.428823228967518,"High"
"Porlier",2020-01-23,1.36,68.4056736111111,116.4,37.1241624558035,"High",7.6296,8.19178909722222,8.2199,8.6961,0.169048533722938,"High",25.09,26.3639583333333,26.49,26.88,0.383975506661964,"High"
"Porlier",2020-01-24,1.02,53.9164097222222,117.3,36.8498501126869,"High",7.9121,8.15523770833333,8.1602,8.4873,0.127575277869907,"High",24.8,25.935,26.04,26.51,0.412413756296972,"High"
"Porlier",2020-01-25,0.9,47.0732569444444,116.5,32.4981882621646,"High",6.8042,7.71660513888889,7.9092,8.5903,0.555076904013297,"High",21.72,24.6654166666667,25.055,26.89,1.49444355022955,"High"
"Snake",2019-12-16,1.69,9.38872916666667,18.68,3.26657522066384,"Low",9.0256,9.39274944444444,9.3698,9.7371,0.212977336635778,"Low",27.14,27.544375,27.525,27.79,0.163887691825576,"Low"
"Snake",2019-12-17,0.9,6.23069444444444,14.32,3.64583184718193,"Low",9.3526,9.65135840277778,9.6339,9.8816,0.141007230304485,"Low",27.53,27.7652083333333,27.755,27.98,0.132809086835575,"Low"
"Snake",2019-12-18,0.9,6.0934375,18.41,2.99643701835799,"Low",9.5163,9.63459666666667,9.6325,9.7686,0.0468003552132775,"Low",27.56,27.7608333333333,27.77,27.86,0.0578638656706809,"Low"
"Snake",2019-12-19,1.58,10.0368680555556,33.51,7.07085346410616,"Low",9.4345,9.61977479166667,9.6225,9.9202,0.0979393086698205,"Low",27.33,27.5610416666667,27.46,27.98,0.197325086383643,"Low"
"Snake",2019-12-20,0.79,5.01092361111111,17.25,2.93218924248008,"Low",9.1035,9.47130840277778,9.4733,9.7715,0.207824967663615,"Low",26.8,27.2977083333333,27.39,27.58,0.235292842286385,"Low"
"Snake",2019-12-21,0.79,5.83322222222222,15.85,3.17685499797702,"Low",8.615,8.99468840277778,8.8538,9.5178,0.277629092532428,"Low",26.26,26.874375,26.73,27.49,0.369392291329444,"Low"
"Snake",2019-12-22,0.9,7.20469444444444,19.01,4.5019716833752,"Low",8.7497,9.18380597222222,9.1078,9.6081,0.252469891569586,"Low",26.56,27.0979166666667,27.02,27.64,0.330247865219852,"Low"
"Snake",2019-12-23,0.79,7.60947916666667,30.38,4.20563823786021,"Low",8.1543,8.79626138888889,8.8668,9.213,0.241623276278357,"Low",25.43,26.50375,26.64,27.03,0.39709918906672,"Low"
"Snake",2019-12-24,1.02,7.87326388888889,32.62,5.93716419977078,"Low",8.2053,8.80029277777778,8.775,9.3209,0.246270849196419,"Low",25.7,26.5172916666667,26.57,27.29,0.422790826926665,"Low"
"Snake",2019-12-25,0.79,7.63638194444444,24.8,5.35517268917408,"Low",8.1864,8.967835,8.978,9.4388,0.243724262133964,"Low",25.98,26.9547916666667,26.98,27.58,0.373795880032242,"Low"
"Snake",2019-12-26,0.68,7.02309027777778,23.64,4.31518199564046,"Low",7.7541,8.96047604166667,8.9809,9.3842,0.371878018516314,"Low",25.52,27.0595833333333,27.18,27.55,0.476297593068788,"Low"
"Snake",2019-12-27,0.68,3.84540277777778,14.25,2.70301905262993,"Low",8.7308,9.23825791666667,9.2562,9.4,0.115824520255987,"Low",26.62,27.213125,27.255,27.45,0.193755233285534,"Low"
"Snake",2019-12-28,1.13,5.59775,19.74,3.48057503556227,"Low",8.9145,9.14385479166667,9.141,9.3885,0.101490443779465,"Low",27.11,27.3485416666667,27.355,27.6,0.129022339865611,"Low"
"Snake",2019-12-29,0.68,4.15895833333333,15.99,3.0143116396987,"Low",9.0833,9.27400541666667,9.2648,9.4733,0.0983584752018027,"Low",27.33,27.5239583333333,27.515,27.69,0.0960660141674163,"Low"
"Snake",2019-12-30,0.79,5.80124305555556,24.35,4.15264026588544,"Low",8.5642,8.9287325,8.9564,9.1583,0.168125319954693,"Low",26.99,27.284375,27.33,27.48,0.143228819309701,"Low"
"Snake",2019-12-31,1.36,6.17140972222222,14.03,2.93985971573523,"Low",8.7352,9.0619275,9.1439,9.3411,0.193758157847491,"Low",27.02,27.3739583333333,27.43,27.62,0.173214165596006,"Low"
"Snake",2020-01-01,0.79,4.14715277777778,14.32,3.13109320088908,"Low",9.0905,9.31202902777778,9.3267,9.4086,0.0703452709250179,"Low",27.41,27.5879166666667,27.595,27.72,0.0862938654000026,"Low"
"Snake",2020-01-02,0.79,4.79735416666667,16.35,2.71434295777227,"Low",8.1674,8.60445104166667,8.6005,9.0963,0.216843813316128,"Low",25.99,26.9258333333333,26.95,27.39,0.314911898070078,"Low"
"Snake",2020-01-03,1.92,14.4725833333333,28.82,4.9834111599824,"Low",8.393,8.91590173611111,8.9275,9.3799,0.234242832764718,"Low",26.7,27.1760416666667,27.21,27.65,0.215354626716555,"Low"
"Snake",2020-01-04,0.68,2.97820833333333,9.3,1.87014757837615,"Low",8.4496,8.91033319444444,8.8856,9.3598,0.240804049580082,"Low",24.54,27.2089583333333,27.26,27.7,0.449426298993451,"Low"
"Snake",2020-01-05,1.02,5.61440972222222,13.8,2.63327605964486,"Low",8.1733,8.80031347222222,8.9491,9.2648,0.330778168758878,"Low",26.28,27.1425,27.355,27.63,0.420250685065322,"Low"
"Snake",2020-01-06,0.9,6.31392361111111,30.99,5.24333971331902,"Low",8.1164,8.74941159722222,8.7772,9.0343,0.215651670233377,"Low",26.16,27.0145833333333,27.075,27.29,0.263737121967208,"Low"
"Snake",2020-01-07,1.02,4.75111805555556,23,3.24808023697122,"Low",8.1048,8.7063675,8.7164,9.1482,0.183537148040691,"Low",26.13,26.9097916666667,26.93,27.46,0.258279821728405,"Low"
"Snake",2020-01-08,0.9,5.54511111111111,18.41,3.95337842364522,"Low",7.7629,8.21613861111111,8.1951,8.7164,0.200862879897344,"Low",25.57,26.2964583333333,26.35,27.05,0.378555426579659,"Low"
"Snake",2020-01-09,0.9,5.4121875,17.95,3.22182597597086,"Low",7.1634,7.74229138888889,7.8566,8.1514,0.280685054911878,"Low",24.4,25.6885416666667,25.9,26.38,0.515694077148142,"Low"
"Snake",2020-01-10,1.36,8.69799305555556,25.31,4.37832337388609,"Low",7.5372,8.43027180555556,8.5193,8.9361,0.340389493287598,"Low",25.67,26.4908333333333,26.6,27.1,0.338864394727721,"Low"
"Snake",2020-01-11,1.36,6.56236111111111,20.73,3.2920359996645,"Low",7.6809,8.62781416666667,8.7685,9.1511,0.434686225855588,"Low",25.8,26.7822916666667,26.89,27.31,0.44400613175435,"Low"
"Snake",2020-01-12,1.36,9.05489583333333,20.34,3.48293388986212,"Low",7.8712,8.34545694444444,8.353,8.728,0.209213668008459,"Low",25.87,26.6514583333333,26.675,27.08,0.253503028504578,"Low"
"Snake",2020-01-13,0.9,7.19934722222222,18.55,4.19318057068783,"Low",7.5284,7.88074777777778,7.8149,8.2097,0.167557543439171,"Low",26.35,26.5416666666667,26.49,26.86,0.160575207186915,"Low"
"Snake",2020-01-14,0.68,6.1854375,23.52,3.72852018485215,"Low",7.069,7.65215840277778,7.6384,8.0523,0.228068794131019,"Low",26.1,26.44125,26.44,26.76,0.156199885580365,"Low"
"Snake",2020-01-15,1.24,7.79197222222222,21.32,4.11430790457238,"Low",7.0586,7.78205847222222,7.8098,8.2257,0.253034137479743,"Low",25.7,26.6391666666667,26.67,26.91,0.229734660389757,"Low"
"Snake",2020-01-16,0.68,9.37771527777778,20.73,5.71939585437394,"Low",7.7131,8.12857118055556,8.1587,8.6686,0.204780757038076,"Low",25.69,26.090625,26.02,26.67,0.261252354158181,"Low"
"Snake",2020-01-17,0.56,3.71442361111111,13.42,2.66643611023205,"Low",7.9063,8.31436166666667,8.3639,8.5744,0.170749340167034,"Low",26.47,26.674375,26.725,26.83,0.1127774356864,"Low"
"Snake",2020-01-18,2.03,10.9366458333333,24.74,4.10124777190681,"Low",7.8931,8.19222041666667,8.2621,8.644,0.203251932900434,"Low",26.58,26.9229166666667,26.97,27.2,0.175001013168293,"Low"
"Snake",2020-01-19,0.9,9.67101388888889,32.25,5.20738464523684,"Low",7.7102,8.45809097222222,8.48515,8.7193,0.177226032365583,"Low",26.73,27.0802083333333,27.13,27.35,0.15928683592592,"Low"
"Snake",2020-01-20,0.79,8.55295138888889,34.74,5.30035144812684,"Low",7.1398,7.71082145833333,7.7351,8.4089,0.265659097213983,"Low",25.92,26.4097916666667,26.39,27.11,0.24460554075363,"Low"
"Snake",2020-01-21,0.9,5.53254861111111,38.82,5.06612564104355,"Low",7.0601,8.02984770833333,7.9808,8.9159,0.333968953557872,"Low",25.75,26.74625,26.73,27.45,0.293291119625303,"Low"
"Snake",2020-01-22,1.13,6.64840972222222,29.7,5.72588064353714,"Low",6.8397,7.28918375,7.2784,8.3072,0.31665104545279,"Low",25.68,26.0764583333333,26.03,27.05,0.319564128571252,"Low"
"Snake",2020-01-23,1.02,6.38353472222222,22.22,3.67869221975914,"Low",7.3829,7.974204375,7.91795,8.5497,0.302843668267336,"Low",26.19,26.635,26.585,27.07,0.277910133951951,"Low"
"Snake",2020-01-24,0.68,4.84616666666667,15.71,3.72537595660735,"Low",7.4388,7.75583208333333,7.7776,8.0975,0.183741815979291,"Low",26.14,26.4535416666667,26.465,26.74,0.175396081658037,"Low"
"Snake",2020-01-25,0.9,6.00463194444444,18.88,4.39815815301555,"Low",7.4182,7.69555402777778,7.7073,8.0815,0.177902878995414,"Low",26.08,26.4329166666667,26.455,26.85,0.21809580496159,"Low"
