"logger","Date","SpeedMin","SpeedMean","SpeedMax","SpeedSD","Hi_Lo"
"Anniversary",2019-12-16,0.9,3.37078472222222,24.99,2.66465940378801,"Low"
"Anniversary",2019-12-17,1.02,3.59284722222222,23.45,2.52643022971567,"Low"
"Anniversary",2019-12-18,1.02,4.0400625,20.47,3.14806503707841,"Low"
"Anniversary",2019-12-19,1.13,4.19985416666667,21.32,3.06567064960993,"Low"
"Anniversary",2019-12-20,1.24,4.76245833333333,26.67,3.09823075983846,"Low"
"Anniversary",2019-12-21,0.9,4.11582638888889,18.21,2.79155462384801,"Low"
"Anniversary",2019-12-22,1.13,3.72651388888889,18.28,2.55622526982772,"Low"
"Anniversary",2019-12-23,0.79,4.33179166666667,50.82,3.95405622765965,"Low"
"Anniversary",2019-12-24,0.68,3.66979166666667,24.67,2.7838798021742,"Low"
"Anniversary",2019-12-25,0.68,4.38385416666667,51.78,5.1869008790644,"Low"
"Anniversary",2019-12-26,1.02,3.70572222222222,17.95,2.5694250321333,"Low"
"Anniversary",2019-12-27,1.13,3.07499305555556,12.88,2.00694745371002,"Low"
"Anniversary",2019-12-28,1.02,3.78268055555556,25.83,2.86899868887362,"Low"
"Anniversary",2019-12-29,1.02,3.45035416666667,23.58,2.42509091830381,"Low"
"Anniversary",2019-12-30,0.9,3.07584027777778,12.41,1.88198178618892,"Low"
"Anniversary",2019-12-31,0.9,4.79081944444444,54.27,5.67041015959859,"Low"
"Anniversary",2020-01-01,1.36,2.62630555555556,8.86,1.11993067440176,"Low"
"Anniversary",2020-01-02,0.9,3.70271527777778,11.61,2.08864900812154,"Low"
"Anniversary",2020-01-03,1.24,4.61080555555556,28.69,3.5482818582556,"Low"
"Anniversary",2020-01-04,1.13,3.64369444444444,20.73,2.60983273895741,"Low"
"Anniversary",2020-01-05,1.13,4.38440972222222,20.86,2.91222556599415,"Low"
"Anniversary",2020-01-06,1.13,3.33609722222222,16.49,2.24649053249072,"Low"
"Anniversary",2020-01-07,1.13,3.2710625,16.13,2.27526391941041,"Low"
"Anniversary",2020-01-08,0.9,3.521875,22.29,2.77991027516052,"Low"
"Anniversary",2020-01-09,1.13,4.15597916666667,29.63,3.13866149542881,"Low"
"Anniversary",2020-01-10,1.02,3.91797222222222,15.64,2.70967095116328,"Low"
"Anniversary",2020-01-11,1.24,4.05190277777778,18.94,2.43021088352878,"Low"
"Anniversary",2020-01-12,1.24,4.88572916666667,26.73,3.52992569659351,"Low"
"Anniversary",2020-01-13,1.13,4.46629861111111,27.38,3.30392513754807,"Low"
"Anniversary",2020-01-14,1.36,5.09513194444444,40.75,3.84098435152943,"Low"
"Anniversary",2020-01-15,1.24,5.06366666666667,26.28,3.08276545252835,"Low"
"Anniversary",2020-01-16,1.24,4.51623611111111,16.98,2.83276670399294,"Low"
"Anniversary",2020-01-17,1.02,4.86900694444444,22.35,3.27200978077865,"Low"
"Anniversary",2020-01-18,1.02,6.08099305555556,26.73,4.5637050222578,"Low"
"Anniversary",2020-01-19,1.36,3.89313888888889,12.96,2.50383175598539,"Low"
"Anniversary",2020-01-20,1.24,3.89831944444444,17.6,2.88125546108033,"Low"
"Anniversary",2020-01-21,1.13,3.2094375,14.92,2.05469526955028,"Low"
"Anniversary",2020-01-22,1.24,3.99024305555556,17.18,2.91861322164265,"Low"
"Anniversary",2020-01-23,1.24,5.11321527777778,42.85,5.43323937184447,"Low"
"Anniversary",2020-01-24,0.9,4.03238194444444,37.53,3.42967973409741,"Low"
"Anniversary",2020-01-25,1.02,4.28729861111111,18.94,2.95276993802054,"Low"
"Burial",2019-12-16,0.68,31.6612986111111,111.1,28.1400078342467,"High"
"Burial",2019-12-17,1.02,28.4565555555556,106.67,26.3631747990798,"High"
"Burial",2019-12-18,0.9,25.9874722222222,105.45,23.7534935947566,"High"
"Burial",2019-12-19,0.9,25.7989097222222,109.48,24.4764272492596,"High"
"Burial",2019-12-20,1.24,26.845,108.6,25.5680077551975,"High"
"Burial",2019-12-21,1.02,28.6871875,112.9,26.8794623453658,"High"
"Burial",2019-12-22,0.9,30.2489236111111,110.1,27.7648727835927,"High"
"Burial",2019-12-23,1.13,31.9698055555556,113.3,28.6963315671253,"High"
"Burial",2019-12-24,1.02,35.0434930555556,110.8,29.9644323872559,"High"
"Burial",2019-12-25,1.02,35.4110694444444,111.3,29.5531526376144,"High"
"Burial",2019-12-26,0.9,34.1682708333333,110.7,28.4296631660943,"High"
"Burial",2019-12-27,1.02,32.6817638888889,106.15,27.0954047210541,"High"
"Burial",2019-12-28,1.02,33.8171388888889,110,27.1104636478681,"High"
"Burial",2019-12-29,1.13,33.7073819444444,111.6,28.3626870010466,"High"
"Burial",2019-12-30,1.02,29.0074861111111,108.08,25.0374483568551,"High"
"Burial",2019-12-31,0.9,24.1029513888889,107.55,20.8680518567274,"High"
"Burial",2020-01-01,0.79,21.5106944444444,99.8,19.8893995587048,"High"
"Burial",2020-01-02,0.9,22.1382083333333,108.42,25.0647574245506,"High"
"Burial",2020-01-03,0.9,21.929375,111.4,26.3762600875098,"High"
"Burial",2020-01-04,1.02,21.7966597222222,104.22,21.5282338854683,"High"
"Burial",2020-01-05,0.9,22.3727847222222,110,23.4464626499283,"High"
"Burial",2020-01-06,1.02,25.9462083333333,109.13,25.6917011596424,"High"
"Burial",2020-01-07,0.79,27.5483125,111.4,26.6211610797455,"High"
"Burial",2020-01-08,1.02,32.677125,110.6,28.8047751655896,"High"
"Burial",2020-01-09,1.13,33.3209652777778,111.8,28.2111033858089,"High"
"Burial",2020-01-10,1.13,36.2670069444444,111.2,31.2216505149161,"High"
"Burial",2020-01-11,1.02,33.2880763888889,107.38,28.334487856057,"High"
"Burial",2020-01-12,0.9,36.4979166666667,111.8,30.8171806020136,"High"
"Burial",2020-01-13,1.02,39.77375,116.4,32.2566726180455,"High"
"Burial",2020-01-14,1.24,33.2754166666667,109.13,26.1844074061105,"High"
"Burial",2020-01-15,0.9,30.0618125,103.35,25.0552348206431,"High"
"Burial",2020-01-16,0.79,27.3600833333333,103.18,24.106026962583,"High"
"Burial",2020-01-17,1.02,24.7302916666667,101.8,21.3495406137462,"High"
"Burial",2020-01-18,1.02,27.4619861111111,108.95,27.6523485955354,"High"
"Burial",2020-01-19,0.9,29.0034375,102.6,23.0028021117562,"High"
"Burial",2020-01-20,1.02,29.1018819444444,110.5,25.6183366210606,"High"
"Burial",2020-01-21,1.02,30.9475625,107.2,26.6400561072693,"High"
"Burial",2020-01-22,0.79,29.9878263888889,105.1,26.0337595987221,"High"
"Burial",2020-01-23,1.13,33.1034791666667,111.4,28.8044626236834,"High"
"Burial",2020-01-24,1.13,33.6775069444444,111.2,29.3825012589003,"High"
"Burial",2020-01-25,1.02,33.2269236111111,111,28.6661186894369,"High"
"Coffin",2019-12-16,1.13,2.89503472222222,9.04,1.6342873687932,"Low"
"Coffin",2019-12-17,1.24,4.29893055555556,13.11,2.80295277060264,"Low"
"Coffin",2019-12-18,1.02,4.83445138888889,16.06,3.13888030019997,"Low"
"Coffin",2019-12-19,1.13,4.52644444444444,15.28,2.95603101901446,"Low"
"Coffin",2019-12-20,1.24,4.01398611111111,15.92,2.59813614164247,"Low"
"Coffin",2019-12-21,1.24,3.71902083333333,13.42,2.82624190532558,"Low"
"Coffin",2019-12-22,1.13,4.14992361111111,12.18,2.76938598669308,"Low"
"Coffin",2019-12-23,1.24,4.23481944444444,14.32,2.64085156326341,"Low"
"Coffin",2019-12-24,1.24,4.35286805555556,13.73,3.10269848868626,"Low"
"Coffin",2019-12-25,1.13,4.58964583333333,17.32,3.07447451618042,"Low"
"Coffin",2019-12-26,1.13,4.77649305555556,13.11,2.58180641895192,"Low"
"Coffin",2019-12-27,1.24,3.24704166666667,11.36,1.94618848420517,"Low"
"Coffin",2019-12-28,1.24,6.52034027777778,16.91,3.85009277915553,"Low"
"Coffin",2019-12-29,1.13,5.59244444444444,30.52,4.08941393365204,"Low"
"Coffin",2019-12-30,1.24,3.98738888888889,12.18,2.51154266293785,"Low"
"Coffin",2019-12-31,1.24,4.10636111111111,11.94,2.55417731835678,"Low"
"Coffin",2020-01-01,1.24,3.44625,12.57,2.10589479248084,"Low"
"Coffin",2020-01-02,1.13,3.85922222222222,13.8,2.54359629087602,"Low"
"Coffin",2020-01-03,1.13,3.00129861111111,11.11,1.79406845861257,"Low"
"Coffin",2020-01-04,1.24,4.78927083333333,18.35,3.90118918937496,"Low"
"Coffin",2020-01-05,1.24,5.2794375,14.4,3.49030081122911,"Low"
"Coffin",2020-01-06,1.24,3.53888194444444,10.1,2.06139155990792,"Low"
"Coffin",2020-01-07,1.24,3.676125,12.57,2.50137812988058,"Low"
"Coffin",2020-01-08,1.24,3.27529861111111,20.07,2.59362819376704,"Low"
"Coffin",2020-01-09,1.24,2.84899305555556,9.3,1.440811542594,"Low"
"Coffin",2020-01-10,1.13,3.78075,12.18,2.71724457146455,"Low"
"Coffin",2020-01-11,1.36,4.70338888888889,14.77,2.8869606523738,"Low"
"Coffin",2020-01-12,1.24,4.94653472222222,13.19,3.31137788454844,"Low"
"Coffin",2020-01-13,1.36,4.66544444444444,12.64,2.40479947998882,"Low"
"Coffin",2020-01-14,1.24,4.23036805555556,19.21,2.72264736791496,"Low"
"Coffin",2020-01-15,1.24,4.2921875,11.52,2.57516548641072,"Low"
"Coffin",2020-01-16,1.36,3.72436805555556,11.61,2.16221346720983,"Low"
"Coffin",2020-01-17,1.24,3.86915972222222,10.95,2.15523189455192,"Low"
"Coffin",2020-01-18,1.24,3.87409722222222,13.65,2.79606929330686,"Low"
"Coffin",2020-01-19,1.47,3.73121527777778,14.4,1.97687878692546,"Low"
"Coffin",2020-01-20,1.24,3.70425,12.8,2.1852464729006,"Low"
"Coffin",2020-01-21,1.36,4.31911805555556,13.27,2.93008947107411,"Low"
"Coffin",2020-01-22,1.36,3.16405555555556,11.36,1.81964668228094,"Low"
"Coffin",2020-01-23,1.36,3.83853472222222,12.1,2.4678088415218,"Low"
"Coffin",2020-01-24,1.36,3.9940625,10.7,1.95112325489326,"Low"
"Coffin",2020-01-25,1.47,3.45167361111111,14.4,2.13352287348897,"Low"
"Dragon",2019-12-16,1.13,3.31867361111111,10.01,1.64812850390699,"Low"
"Dragon",2019-12-17,0.56,2.58289583333333,10.87,1.76565327772285,"Low"
"Dragon",2019-12-18,0.79,2.72145138888889,10.37,1.5161221763128,"Low"
"Dragon",2019-12-19,0.79,3.07990277777778,11.52,1.74367204696253,"Low"
"Dragon",2019-12-20,0.56,3.89746527777778,20.67,3.18211096496855,"Low"
"Dragon",2019-12-21,0.68,4.17853472222222,31.66,4.15539901055783,"Low"
"Dragon",2019-12-22,0.68,5.31600694444444,48.32,5.7409749300943,"Low"
"Dragon",2019-12-23,0.56,3.81546527777778,15.78,2.67838410417464,"Low"
"Dragon",2019-12-24,0.56,4.14930555555556,21.19,3.01275471451117,"Low"
"Dragon",2019-12-25,0.68,3.46391666666667,17.39,2.83458847221431,"Low"
"Dragon",2019-12-26,0.68,3.88820138888889,16.91,2.60602765794876,"Low"
"Dragon",2019-12-27,0.68,3.40367361111111,10.7,2.24685144022444,"Low"
"Dragon",2019-12-28,0.79,3.6174375,12.1,2.43130496055934,"Low"
"Dragon",2019-12-29,0.56,3.8703125,18.48,3.33292011145427,"Low"
"Dragon",2019-12-30,0.56,2.67026388888889,13.8,2.02698362418955,"Low"
"Dragon",2019-12-31,1.13,2.88415972222222,10.7,1.45384955037456,"Low"
"Dragon",2020-01-01,0.68,4.66727083333333,20.99,3.52550395851198,"Low"
"Dragon",2020-01-02,0.68,4.19030555555556,28.48,3.25831155787307,"Low"
"Dragon",2020-01-03,1.02,2.94135416666667,9.84,1.51936104931508,"Low"
"Dragon",2020-01-04,0.79,3.53132638888889,15.28,2.41090428315632,"Low"
"Dragon",2020-01-05,0.68,4.83313888888889,23.9,3.84092128420796,"Low"
"Dragon",2020-01-06,0.79,4.26684722222222,16.49,2.85486920362955,"Low"
"Dragon",2020-01-07,0.9,3.91427083333333,46.51,3.67445274055629,"Low"
"Dragon",2020-01-08,1.02,4.6654375,19.61,3.20933418916092,"Low"
"Dragon",2020-01-09,0.68,4.96555555555556,25.89,3.60695715630484,"Low"
"Dragon",2020-01-10,1.02,4.85596527777778,18.61,2.36998474648784,"Low"
"Dragon",2020-01-11,1.02,6.33408333333333,22.09,4.00717613671872,"Low"
"Dragon",2020-01-12,1.13,11.2973125,64.15,8.77398799025928,"Low"
"Dragon",2020-01-13,0.79,5.30035416666667,22.87,3.11876698691585,"Low"
"Dragon",2020-01-14,0.9,4.61804166666667,19.08,3.26729201865449,"Low"
"Dragon",2020-01-15,1.24,6.42109027777778,22.94,3.36233145602828,"Low"
"Dragon",2020-01-16,0.79,4.62488194444444,29.3,3.33850575780225,"Low"
"Dragon",2020-01-17,0.9,4.22077777777778,15.5,2.72688678823753,"Low"
"Dragon",2020-01-18,1.24,4.0203125,15.57,2.04528518638815,"Low"
"Dragon",2020-01-19,0.9,2.65514583333333,8.49,1.46404903932851,"Low"
"Dragon",2020-01-20,0.68,3.47733333333333,19.68,2.76530675431284,"Low"
"Dragon",2020-01-21,0.68,3.05692361111111,20.34,2.59271806896288,"Low"
"Dragon",2020-01-22,0.79,4.31022222222222,40.97,5.17444339420305,"Low"
"Dragon",2020-01-23,0.79,3.8035625,19.81,2.71297856467904,"Low"
"Dragon",2020-01-24,0.68,5.336375,27.18,4.43697331848846,"Low"
"Dragon",2020-01-25,0.79,4.11354861111111,15.57,2.677636512742,"Low"
"Georgina",2019-12-16,1.36,9.69730555555556,53.7,8.85466886051054,"Low"
"Georgina",2019-12-17,1.02,9.2619375,47.74,6.99179612054203,"Low"
"Georgina",2019-12-18,1.13,9.74924305555555,44.68,7.56289553896117,"Low"
"Georgina",2019-12-19,1.24,7.70200694444444,34.39,5.15138379837619,"Low"
"Georgina",2019-12-20,0.79,9.34959027777778,37.33,6.53561130957912,"Low"
"Georgina",2019-12-21,0.9,10.0975069444444,41.29,7.29637094816014,"Low"
"Georgina",2019-12-22,1.13,9.07282638888889,35.34,6.74521577018686,"Low"
"Georgina",2019-12-23,1.24,12.0049722222222,53.89,9.44893516099998,"Low"
"Georgina",2019-12-24,1.02,11.2278541666667,61.2,9.25015659275732,"Low"
"Georgina",2019-12-25,1.24,12.6930277777778,54.85,10.3981941955689,"Low"
"Georgina",2019-12-26,1.13,12.5899375,79.03,10.1011059981885,"Low"
"Georgina",2019-12-27,1.02,10.5155555555556,44.54,7.77925739105782,"Low"
"Georgina",2019-12-28,1.02,10.9201875,50.82,8.84395648230238,"Low"
"Georgina",2019-12-29,1.02,9.88627083333333,51.78,7.85876129107778,"Low"
"Georgina",2019-12-30,1.02,10.9389791666667,51.97,10.3469801283176,"Low"
"Georgina",2019-12-31,0.9,9.11482638888889,47.94,6.78962558144437,"Low"
"Georgina",2020-01-01,1.13,10.4142152777778,45.95,8.17803253851544,"Low"
"Georgina",2020-01-02,1.02,10.8003125,50.82,7.84805339016333,"Low"
"Georgina",2020-01-03,1.13,8.65800694444444,28.28,5.32389401839126,"Low"
"Georgina",2020-01-04,1.13,9.06206944444444,34.91,6.27212740884934,"Low"
"Georgina",2020-01-05,1.24,8.09527777777778,33.74,5.24661249386672,"Low"
"Georgina",2020-01-06,1.24,7.52201388888889,31.06,5.6143513093893,"Low"
"Georgina",2020-01-07,0.79,8.58701388888889,42.14,8.38829951183751,"Low"
"Georgina",2020-01-08,1.47,11.1967986111111,71.83,9.40198413040159,"Low"
"Georgina",2020-01-09,1.13,14.520625,55.04,9.43794718162415,"Low"
"Georgina",2020-01-10,1.24,11.89625,46.23,7.82134350867871,"Low"
"Georgina",2020-01-11,1.36,10.6383055555556,44.4,6.39328274494521,"Low"
"Georgina",2020-01-12,1.02,16.0465416666667,60.67,10.3494545678663,"Low"
"Georgina",2020-01-13,1.02,13.7611180555556,86.91,10.9025987396229,"Low"
"Georgina",2020-01-14,1.69,13.5909166666667,52.16,8.93637037560125,"Low"
"Georgina",2020-01-15,1.69,13.382625,50.62,8.66642197360196,"Low"
"Georgina",2020-01-16,1.02,9.69267361111111,38.5,6.72197913409583,"Low"
"Georgina",2020-01-17,1.02,12.43625,43.41,8.76565048682994,"Low"
"Georgina",2020-01-18,1.47,9.53011111111111,30.72,5.51709538387634,"Low"
"Georgina",2020-01-19,1.02,8.58202777777778,30.85,5.97514179273482,"Low"
"Georgina",2020-01-20,1.02,8.11990277777778,26.73,5.29798327807145,"Low"
"Georgina",2020-01-21,1.13,9.64498611111111,31.14,6.08663661142644,"Low"
"Georgina",2020-01-22,1.24,8.50351388888889,36.99,5.6300788063786,"Low"
"Georgina",2020-01-23,1.24,8.26791666666667,30.45,4.92867123109658,"Low"
"Georgina",2020-01-24,1.02,9.65690972222222,32.99,5.28303007509252,"Low"
"Georgina",2020-01-25,0.56,11.8687152777778,49.86,8.21315828125383,"Low"
"Grainger",2019-12-16,0.68,21.0317847222222,115.3,20.360501196527,"High"
"Grainger",2019-12-17,0.56,19.9398055555556,115.4,20.0564358118367,"High"
"Grainger",2019-12-18,0.56,21.3333541666667,117.3,21.0563119061863,"High"
"Grainger",2019-12-19,0.79,19.6115625,111.6,19.7756238608479,"High"
"Grainger",2019-12-20,0.79,18.7605,112.1,18.0329946158658,"High"
"Grainger",2019-12-21,0.68,19.961,114.3,18.3875621042863,"High"
"Grainger",2019-12-22,0.79,18.6905833333333,111.9,15.9206566337933,"High"
"Grainger",2019-12-23,0.68,17.6482916666667,114.4,17.7894471688991,"High"
"Grainger",2019-12-24,0.68,18.5334375,116.5,18.887065399143,"High"
"Grainger",2019-12-25,0.68,19.9248680555556,114.9,18.3481980712948,"High"
"Grainger",2019-12-26,0.68,20.6332638888889,114.4,21.5235813995046,"High"
"Grainger",2019-12-27,0.68,22.9452708333333,116.7,25.5963827482432,"High"
"Grainger",2019-12-28,0.68,20.3625555555556,114.5,21.046475069547,"High"
"Grainger",2019-12-29,0.79,20.0236944444444,111.6,19.3898687204482,"High"
"Grainger",2019-12-30,0.68,19.1853611111111,114.9,22.4980640818341,"High"
"Grainger",2019-12-31,0.68,19.8925972222222,115.4,21.9802425289297,"High"
"Grainger",2020-01-01,0.56,16.4024236111111,112.8,20.2232283354972,"High"
"Grainger",2020-01-02,0.79,15.2748541666667,110.8,14.6467199346204,"High"
"Grainger",2020-01-03,0.68,16.6602777777778,116.3,18.1027693965729,"High"
"Grainger",2020-01-04,0.56,14.2855208333333,114.6,14.6812025629069,"High"
"Grainger",2020-01-05,0.45,16.2909166666667,116.6,20.6558136931451,"High"
"Grainger",2020-01-06,0.68,15.6097291666667,104.75,14.2193721961554,"High"
"Grainger",2020-01-07,0.56,15.9244444444444,115.9,18.667727879428,"High"
"Grainger",2020-01-08,0.68,17.0943680555556,114.5,18.3793842840512,"High"
"Grainger",2020-01-09,0.79,17.5739375,115.5,20.795554594159,"High"
"Grainger",2020-01-10,0.9,23.8101111111111,116.2,24.8434049647944,"High"
"Grainger",2020-01-11,0.68,23.6391180555556,115.3,25.498972135601,"High"
"Grainger",2020-01-12,0.79,24.3367430555556,115.4,26.3212287330724,"High"
"Grainger",2020-01-13,0.9,22.5799375,114.7,22.7097932711858,"High"
"Grainger",2020-01-14,0.68,24.0085347222222,115.2,21.0759602639627,"High"
"Grainger",2020-01-15,0.68,23.8407777777778,113,20.2462386134039,"High"
"Grainger",2020-01-16,0.45,20.7822777777778,115.7,21.378684391286,"High"
"Grainger",2020-01-17,0.79,20.4350069444444,113.9,19.4303220439705,"High"
"Grainger",2020-01-18,0.9,20.7741736111111,114.8,20.3854974751235,"High"
"Grainger",2020-01-19,0.68,18.9098333333333,114.2,17.8372416307106,"High"
"Grainger",2020-01-20,0.68,16.276625,113.2,16.0243715919953,"High"
"Grainger",2020-01-21,0.68,18.6810555555556,114.6,20.7172446322688,"High"
"Grainger",2020-01-22,0.56,19.3952569444444,115.3,20.2099064787133,"High"
"Grainger",2020-01-23,0.79,20.2156666666667,114.9,21.8567713893513,"High"
"Grainger",2020-01-24,0.79,21.4841666666667,115.4,23.5309271452297,"High"
"Grainger",2020-01-25,0.79,20.1059930555556,113.5,20.6786863207003,"High"
"Josef",2019-12-16,0.9,15.3633611111111,101,10.7350339907539,"High"
"Josef",2019-12-17,1.24,14.9696597222222,92.54,9.75191319349544,"High"
"Josef",2019-12-18,1.13,14.9223125,98,9.49991379205884,"High"
"Josef",2019-12-19,1.02,14.7670625,99.6,9.5887729794343,"High"
"Josef",2019-12-20,0.9,15.3416944444444,108.25,9.6406819222516,"High"
"Josef",2019-12-21,1.02,14.9722847222222,111.3,9.82501333297997,"High"
"Josef",2019-12-22,1.13,15.1372083333333,84.8,9.79209194261258,"High"
"Josef",2019-12-23,1.13,13.3997083333333,73.34,8.56318731444544,"High"
"Josef",2019-12-24,1.24,15.7735555555556,83.04,8.95978049792076,"High"
"Josef",2019-12-25,1.24,16.0425763888889,112.5,9.91064623447874,"High"
"Josef",2019-12-26,0.9,16.5771111111111,90.43,9.81874253968466,"High"
"Josef",2019-12-27,1.02,16.4599791666667,93.94,10.1095951195461,"High"
"Josef",2019-12-28,1.02,15.5186180555556,68.79,9.09684055570128,"High"
"Josef",2019-12-29,1.13,15.0828125,100.6,10.0913836780413,"High"
"Josef",2019-12-30,0.56,14.9653472222222,57.72,9.01621680916988,"High"
"Josef",2019-12-31,1.13,14.4619513888889,99.4,9.1294924804764,"High"
"Josef",2020-01-01,0.9,12.8144097222222,61.47,8.7836375099991,"High"
"Josef",2020-01-02,0.9,11.5068472222222,61.2,8.3664766170884,"High"
"Josef",2020-01-03,0.79,11.9301041666667,64.96,8.16319589732346,"High"
"Josef",2020-01-04,1.02,11.8033194444444,43.98,7.85816262862282,"High"
"Josef",2020-01-05,1.13,11.8636527777778,101.8,8.5160322003897,"High"
"Josef",2020-01-06,1.13,11.2670069444444,63.08,8.45618521443161,"High"
"Josef",2020-01-07,0.9,12.2309444444444,73.72,8.69330590498905,"High"
"Josef",2020-01-08,1.13,13.0398263888889,82.34,9.04173081977296,"High"
"Josef",2020-01-09,1.13,14.9822847222222,103.35,10.355443354904,"High"
"Josef",2020-01-10,0.9,15.6456319444444,107.55,9.37206219060713,"High"
"Josef",2020-01-11,1.13,16.8631805555556,96,10.6449306656428,"High"
"Josef",2020-01-12,0.9,17.2282222222222,112.5,11.6428520409561,"High"
"Josef",2020-01-13,1.13,17.6075347222222,60.13,9.37047421630327,"High"
"Josef",2020-01-14,1.24,17.0788402777778,106.85,10.4399537767084,"High"
"Josef",2020-01-15,1.02,17.0938819444444,99.4,10.5310853996245,"High"
"Josef",2020-01-16,1.24,16.6705902777778,99.2,10.9033645787474,"High"
"Josef",2020-01-17,1.24,15.8242430555556,72.21,8.8875933926662,"High"
"Josef",2020-01-18,1.13,15.6565555555556,102,9.29250759322193,"High"
"Josef",2020-01-19,1.02,14.7217916666667,83.04,8.74277339133712,"High"
"Josef",2020-01-20,1.24,13.721,80.93,8.66484301584447,"High"
"Josef",2020-01-21,1.02,14.6972291666667,86.91,9.20031165606421,"High"
"Josef",2020-01-22,1.02,14.8192222222222,76,9.0815700598811,"High"
"Josef",2020-01-23,1.13,15.2619722222222,87.97,9.95022589757185,"High"
"Josef",2020-01-24,0.9,16.2972777777778,95.4,10.0227272773961,"High"
"Josef",2020-01-25,1.13,14.145,99.6,9.18869052125943,"High"
"McKenzie",2019-12-16,0.79,1.26085416666667,5.2,0.219704535585669,"Low"
"McKenzie",2019-12-17,0.79,1.28422916666667,6.25,0.225913241040482,"Low"
"McKenzie",2019-12-18,0.79,1.31634027777778,7.34,0.286458101827775,"Low"
"McKenzie",2019-12-19,0.79,1.29444444444444,4.78,0.239993854964699,"Low"
"McKenzie",2019-12-20,0.79,1.244125,3.53,0.17321009087309,"Low"
"McKenzie",2019-12-21,0.9,1.15595138888889,2.26,0.0845077172326344,"Low"
"McKenzie",2019-12-22,0.79,1.13559027777778,1.92,0.0683148612439107,"Low"
"McKenzie",2019-12-23,0.79,1.21225,2.84,0.111110729286658,"Low"
"McKenzie",2019-12-24,0.79,1.254125,4.45,0.209163756581794,"Low"
"McKenzie",2019-12-25,0.79,1.23921527777778,5.1,0.237203438726996,"Low"
"McKenzie",2019-12-26,1.02,1.27525694444444,2.15,0.0958235033884534,"Low"
"McKenzie",2019-12-27,0.68,1.47148611111111,10.37,0.766087149290022,"Low"
"McKenzie",2019-12-28,0.9,1.32531944444444,9.3,0.412976662963629,"Low"
"McKenzie",2019-12-29,0.79,1.294875,6.04,0.202341363664521,"Low"
"McKenzie",2019-12-30,0.9,1.31383333333333,6.67,0.28748803038805,"Low"
"McKenzie",2019-12-31,0.56,1.31892361111111,11.2,0.522161961830866,"Low"
"McKenzie",2020-01-01,0.68,1.72373611111111,15.07,1.4287733406719,"Low"
"McKenzie",2020-01-02,0.9,1.318375,6.14,0.400574463705436,"Low"
"McKenzie",2020-01-03,0.9,1.34484027777778,2.15,0.0856166093524153,"Low"
"McKenzie",2020-01-04,1.13,1.42986111111111,6.04,0.367716477842096,"Low"
"McKenzie",2020-01-05,0.9,1.36688888888889,6.86,0.356571448953267,"Low"
"McKenzie",2020-01-06,1.02,1.35059027777778,9.48,0.397366940298828,"Low"
"McKenzie",2020-01-07,1.02,1.35852777777778,3.18,0.0950069632387862,"Low"
"McKenzie",2020-01-08,0.9,1.42821527777778,5.41,0.273681453622467,"Low"
"McKenzie",2020-01-09,0.9,1.3229375,3.99,0.150733841648344,"Low"
"McKenzie",2020-01-10,1.02,1.30503472222222,3.88,0.169233234340079,"Low"
"McKenzie",2020-01-11,0.9,1.31888194444444,7.63,0.347095863588421,"Low"
"McKenzie",2020-01-12,0.9,1.4786875,10.95,0.69998144489207,"Low"
"McKenzie",2020-01-13,0.68,1.67983333333333,16.63,1.3938653341841,"Low"
"McKenzie",2020-01-14,0.79,1.26825694444444,7.63,0.384944898208039,"Low"
"McKenzie",2020-01-15,0.79,1.32969444444444,7.53,0.433150510247692,"Low"
"McKenzie",2020-01-16,0.9,1.23861111111111,1.81,0.0715334967349085,"Low"
"McKenzie",2020-01-17,0.9,1.28566666666667,8.77,0.488443202061435,"Low"
"McKenzie",2020-01-18,1.02,1.25223611111111,2.49,0.0627790488937316,"Low"
"McKenzie",2020-01-19,0.9,1.31527777777778,7.25,0.26292164110224,"Low"
"McKenzie",2020-01-20,0.79,1.29384027777778,2.15,0.0858318380464873,"Low"
"McKenzie",2020-01-21,0.9,1.30244444444444,5.2,0.138419540218692,"Low"
"McKenzie",2020-01-22,0.79,1.30385416666667,6.04,0.238787342585725,"Low"
"McKenzie",2020-01-23,0.9,1.28309722222222,2.61,0.105329775620697,"Low"
"McKenzie",2020-01-24,1.02,1.36116666666667,5.73,0.235508174103348,"Low"
"McKenzie",2020-01-25,0.79,1.36464583333333,5.94,0.25781303375079,"Low"
"Porlier",2019-12-16,0.9,66.3244791666667,116.8,34.9072613755413,"High"
"Porlier",2019-12-17,1.24,67.3231597222222,118,33.4453308117679,"High"
"Porlier",2019-12-18,1.02,62.8564513888889,117,33.8306564877531,"High"
"Porlier",2019-12-19,1.24,63.3329236111111,117.9,33.7124056490074,"High"
"Porlier",2019-12-20,1.24,68.8000347222222,116.3,33.3243350313287,"High"
"Porlier",2019-12-21,1.02,65.7868333333333,117.2,33.8979028950321,"High"
"Porlier",2019-12-22,1.02,67.7760763888889,117.8,34.2499662846762,"High"
"Porlier",2019-12-23,1.02,58.6365763888889,116.9,35.5223197521073,"High"
"Porlier",2019-12-24,0.9,67.6128611111111,117.3,35.0195931221472,"High"
"Porlier",2019-12-25,0.9,69.9801597222222,117.4,35.3316330404239,"High"
"Porlier",2019-12-26,1.24,66.8438263888889,116.9,35.0188444833392,"High"
"Porlier",2019-12-27,0.79,66.2696388888889,118.5,34.8927057596197,"High"
"Porlier",2019-12-28,1.13,67.3420208333333,117.7,35.2010996241015,"High"
"Porlier",2019-12-29,1.24,59.7633402777778,117.1,33.3318860066831,"High"
"Porlier",2019-12-30,1.24,60.2485138888889,118.2,33.0860579487871,"High"
"Porlier",2019-12-31,1.13,60.9190069444444,117.9,33.5535775357588,"High"
"Porlier",2020-01-01,0.9,50.7533194444444,115.2,31.0631155369363,"High"
"Porlier",2020-01-02,0.79,48.1737083333333,117.5,32.7689820623833,"High"
"Porlier",2020-01-03,1.24,54.2301944444444,116.2,31.855588030577,"High"
"Porlier",2020-01-04,1.02,55.8347916666667,117.7,31.6698210194407,"High"
"Porlier",2020-01-05,0.9,57.3858819444444,117.1,33.8643413766277,"High"
"Porlier",2020-01-06,1.02,58.1999930555556,117.2,34.7642755305194,"High"
"Porlier",2020-01-07,1.24,60.557875,117.1,35.2026180490944,"High"
"Porlier",2020-01-08,1.24,61.9262638888889,117.6,37.6397037529515,"High"
"Porlier",2020-01-09,1.13,62.5453888888889,117.9,37.5726972307557,"High"
"Porlier",2020-01-10,1.13,71.0448402777778,117.5,35.5171214510167,"High"
"Porlier",2020-01-11,1.24,72.1904791666667,117.6,36.2737942513329,"High"
"Porlier",2020-01-12,1.02,74.2783194444444,118.3,35.3798931065184,"High"
"Porlier",2020-01-13,0.9,75.0455972222222,117.7,33.7655288968818,"High"
"Porlier",2020-01-14,1.36,72.7372152777778,117.3,33.9210321264472,"High"
"Porlier",2020-01-15,1.92,71.3398958333333,117.6,32.6685152833138,"High"
"Porlier",2020-01-16,1.13,66.7160347222222,117.8,34.1746846296084,"High"
"Porlier",2020-01-17,0.9,65.4327638888889,117.6,33.2650799193823,"High"
"Porlier",2020-01-18,1.69,67.3358888888889,117.4,33.6863215143215,"High"
"Porlier",2020-01-19,1.13,66.1021805555555,117.2,34.1247164785515,"High"
"Porlier",2020-01-20,1.24,65.8840416666667,117.6,35.8605852113547,"High"
"Porlier",2020-01-21,1.13,67.9617152777778,117,35.3347809668978,"High"
"Porlier",2020-01-22,1.02,70.690125,117.6,35.7070536396242,"High"
"Porlier",2020-01-23,1.36,68.4056736111111,116.4,37.1241624558035,"High"
"Porlier",2020-01-24,1.02,53.9164097222222,117.3,36.8498501126869,"High"
"Porlier",2020-01-25,0.9,47.0732569444444,116.5,32.4981882621646,"High"
"Snake",2019-12-16,1.69,9.38872916666667,18.68,3.26657522066384,"Low"
"Snake",2019-12-17,0.9,6.23069444444444,14.32,3.64583184718193,"Low"
"Snake",2019-12-18,0.9,6.0934375,18.41,2.99643701835799,"Low"
"Snake",2019-12-19,1.58,10.0368680555556,33.51,7.07085346410616,"Low"
"Snake",2019-12-20,0.79,5.01092361111111,17.25,2.93218924248008,"Low"
"Snake",2019-12-21,0.79,5.83322222222222,15.85,3.17685499797702,"Low"
"Snake",2019-12-22,0.9,7.20469444444444,19.01,4.5019716833752,"Low"
"Snake",2019-12-23,0.79,7.60947916666667,30.38,4.20563823786021,"Low"
"Snake",2019-12-24,1.02,7.87326388888889,32.62,5.93716419977078,"Low"
"Snake",2019-12-25,0.79,7.63638194444444,24.8,5.35517268917408,"Low"
"Snake",2019-12-26,0.68,7.02309027777778,23.64,4.31518199564046,"Low"
"Snake",2019-12-27,0.68,3.84540277777778,14.25,2.70301905262993,"Low"
"Snake",2019-12-28,1.13,5.59775,19.74,3.48057503556227,"Low"
"Snake",2019-12-29,0.68,4.15895833333333,15.99,3.0143116396987,"Low"
"Snake",2019-12-30,0.79,5.80124305555556,24.35,4.15264026588544,"Low"
"Snake",2019-12-31,1.36,6.17140972222222,14.03,2.93985971573523,"Low"
"Snake",2020-01-01,0.79,4.14715277777778,14.32,3.13109320088908,"Low"
"Snake",2020-01-02,0.79,4.79735416666667,16.35,2.71434295777227,"Low"
"Snake",2020-01-03,1.92,14.4725833333333,28.82,4.9834111599824,"Low"
"Snake",2020-01-04,0.68,2.97820833333333,9.3,1.87014757837615,"Low"
"Snake",2020-01-05,1.02,5.61440972222222,13.8,2.63327605964486,"Low"
"Snake",2020-01-06,0.9,6.31392361111111,30.99,5.24333971331902,"Low"
"Snake",2020-01-07,1.02,4.75111805555556,23,3.24808023697122,"Low"
"Snake",2020-01-08,0.9,5.54511111111111,18.41,3.95337842364522,"Low"
"Snake",2020-01-09,0.9,5.4121875,17.95,3.22182597597086,"Low"
"Snake",2020-01-10,1.36,8.69799305555556,25.31,4.37832337388609,"Low"
"Snake",2020-01-11,1.36,6.56236111111111,20.73,3.2920359996645,"Low"
"Snake",2020-01-12,1.36,9.05489583333333,20.34,3.48293388986212,"Low"
"Snake",2020-01-13,0.9,7.19934722222222,18.55,4.19318057068783,"Low"
"Snake",2020-01-14,0.68,6.1854375,23.52,3.72852018485215,"Low"
"Snake",2020-01-15,1.24,7.79197222222222,21.32,4.11430790457238,"Low"
"Snake",2020-01-16,0.68,9.37771527777778,20.73,5.71939585437394,"Low"
"Snake",2020-01-17,0.56,3.71442361111111,13.42,2.66643611023205,"Low"
"Snake",2020-01-18,2.03,10.9366458333333,24.74,4.10124777190681,"Low"
"Snake",2020-01-19,0.9,9.67101388888889,32.25,5.20738464523684,"Low"
"Snake",2020-01-20,0.79,8.55295138888889,34.74,5.30035144812684,"Low"
"Snake",2020-01-21,0.9,5.53254861111111,38.82,5.06612564104355,"Low"
"Snake",2020-01-22,1.13,6.64840972222222,29.7,5.72588064353714,"Low"
"Snake",2020-01-23,1.02,6.38353472222222,22.22,3.67869221975914,"Low"
"Snake",2020-01-24,0.68,4.84616666666667,15.71,3.72537595660735,"Low"
"Snake",2020-01-25,0.9,6.00463194444444,18.88,4.39815815301555,"Low"
